sample	segments	clonality	ploidy	homozygousLoss	segvariance	grid_ploidy	grid_purity	use
IM_101	221	0.0773089704385814	1.795	0.156731222045996	0.040331476467128	1.8	0.91	TRUE
IM_101	221	0.0980198680059795	3.689	0.156731222045996	0.170665761162135	3.7	0.83	FALSE
IM_101	221	0.125623146699074	5.483	0.0195913755454553	0.384273198573764	5.5	0.75	FALSE
IM_105	187	0.159339305147242	1.702	1.35411340998684	0.169099656867156	1.7	0.48	FALSE
IM_106	221	0.212836691882545	1.553	2.52377616036796	0.373647206444608	1.6	0.65	FALSE
IM_106	221	0.221158156299205	5.172	0.00545324041138285	2.77866171035821	5.2	0.5	FALSE
IM_106	221	0.224075418600495	4.176	0.00545324041138285	2.60036114985943	4.2	0.42	FALSE
IM_107	219	0.214300296114084	1.564	2.7084740204228	0.297920873520918	1.6	0.72	FALSE
IM_107	219	0.22333881253745	2.835	0.0130738176712375	0.996305624811447	2.8	0.58	FALSE
IM_108	174	0.166683487699994	2.576	0.174405795489648	0.457368763340439	2.6	0.67	TRUE
IM_11	164	0.157748445332251	2.972	0.00759673310103904	0.465089023929383	3	0.44	TRUE
IM_112	119	0.119179693950123	2.771	0.0174639357609062	0.303587069763792	2.8	0.76	TRUE
IM_113	225	0.171615369063494	2.882	0.256185663557766	0.693088907190343	2.9	0.56	TRUE
IM_115	268	0.137435656999361	2.874	0	0.373275438204722	2.9	1	TRUE
IM_115	268	0.162179070859511	4.856	0	1.06567696448221	4.9	1	FALSE
IM_116	240	0.191047117580162	4.385	0	0.455905043538799	4.4	0.55	FALSE
IM_116	240	0.213546412813961	3.386	0	0.364847292654177	3.4	0.5	TRUE
IM_117	353	0.149955295967406	3.199	0.0372238996631729	0.400315992341351	3.2	0.6	TRUE
IM_118	309	0.15707300906277	3.098	0	0.326595808907734	3.1	0.78	FALSE
IM_118	309	0.19590699415221	1.998	1.64075018034758	0.210434784568022	2	0.68	TRUE
IM_119	250	0.192264446335632	4.082	0.00329663074184448	0.570111933638072	4.1	0.56	TRUE
IM_119	250	0.192346853313611	3.082	0.265930984818023	0.564901890739547	3.1	0.44	FALSE
IM_122	239	0.170228766846751	4.466	0	0.511638890246119	4.5	0.44	FALSE
IM_124	157	0.104702587297953	1.872	0.00984934101819097	0.192629770779762	1.9	0.9	TRUE
IM_124	157	0.166772592037054	3.744	0.00984934101819097	0.768552470640733	3.7	0.82	FALSE
IM_125	153	0.18272937069367	1.874	0.00540677250574426	0.214538521438242	1.9	0.68	FALSE
IM_126	184	0.229228929699338	2.668	0.00540163238188365	0.37702403016383	2.7	0.72	FALSE
IM_135	175	0.171484424769127	1.972	0.342973034582348	0.278672209147455	2	0.45	FALSE
IM_138	170	0.198630370914709	3.189	0.00539813328355597	0.368714666765616	3.2	0.44	FALSE
IM_138	170	0.198634751493455	4.189	0	0.364021481612477	4.2	0.57	FALSE
IM_138	170	0.202084202322594	5.088	0	0.426173079812724	5.1	0.65	FALSE
IM_143	149	0.150488398807546	4.349	0	0.689084194151264	4.3	0.83	TRUE
IM_143	149	0.16395282508245	5.343	0	0.86863020601508	5.3	1	FALSE
IM_145	218	0.181376345771648	4.626	0	1.64559788838924	4.6	0.57	FALSE
IM_145	218	0.200656670844465	3.535	0.0908499963246446	1.26617028831289	3.5	0.52	FALSE
IM_146	175	0.17598823846785	3.364	0.0593470768404778	0.573145982000006	3.4	0.78	TRUE
IM_146	175	0.201459043375279	4.555	0.0107903252902821	0.926122441429039	4.6	0.82	FALSE
IM_147	164	0.0687885091267085	1.993	0.00539929912512241	0.0379034164182664	2	1	FALSE
IM_147	164	0.0973372229393958	2.989	0.00539929912512241	0.0852826869410993	3	1	FALSE
IM_147	164	0.120699705498213	3.986	0.00539929912512241	0.151613665673065	4	1	FALSE
IM_147	164	0.140858831293438	4.982	0.00539929912512241	0.236896352614165	5	1	FALSE
IM_148	128	0.150776755139794	1.779	0.175153970670598	0.130393642397517	1.8	0.51	FALSE
IM_149	91	0.0410661859476607	1.895	0.0172762714594727	0.0721885136106415	1.9	0.78	TRUE
IM_149	91	0.0782591436832428	3.79	0	0.282775871465739	3.8	0.65	FALSE
IM_149	91	0.0931934699943519	5.685	0	0.628622646931575	5.7	0.56	FALSE
IM_152	155	0.122470614206419	4.171	0.0262145389371627	0.429204608626676	4.2	0.47	TRUE
IM_152	155	0.134732276123738	3.074	0.0262145389371627	0.353921100708413	3.1	0.42	FALSE
IM_153	234	0.136783412164902	2.774	0.0248500192011613	0.298486978632318	2.8	0.82	FALSE
IM_153	234	0.136989915029946	1.774	5.37302071103194	0.300194522158024	1.8	0.58	TRUE
IM_153	234	0.174759581873748	5.742	0.0248500192011613	1.47073442666069	5.7	0.59	FALSE
IM_153	234	0.174790907839214	6.742	0	1.46710449239629	6.7	0.84	FALSE
IM_154	341	0.10135886471454	2.869	0	0.299180354257954	2.9	1	TRUE
IM_154	341	0.129232901372863	4.844	0	1.01405354117629	4.8	0.82	FALSE
IM_155	447	0.179329202618141	3.376	0	0.2179568472329	3.4	0.67	TRUE
IM_158	227	0.130462576439206	3.647	0.0152031084895661	0.533374383511319	3.6	0.65	TRUE
IM_158	227	0.153050611407831	4.74	0.00977343722844959	0.680934416946391	4.7	0.77	FALSE
IM_159	72	0.0829443806341481	1.86	0	0.390275993380832	1.9	0.75	TRUE
IM_159	72	0.135973683317428	3.72	0	1.56110397352333	3.7	0.6	FALSE
IM_160	115	0.0893758451218843	1.884	0.0660057809580826	0.190564964648321	1.9	0.83	FALSE
IM_160	115	0.131179422762935	3.867	0.00649234647197449	0.837253256303759	3.9	0.68	FALSE
IM_165	128	0.0526878554903417	2.775	0	0.219628967460357	2.8	0.57	TRUE
IM_165	128	0.05286338794349	3.775	0	0.218735622982458	3.8	0.8	FALSE
IM_165	128	0.0543979505867088	1.775	0.585022262117037	0.213120051867157	1.8	0.45	FALSE
IM_165	128	0.0778296218540365	7.55	0	0.881119264087609	7.6	0.66	FALSE
IM_165	128	0.093163150810339	4.772	0	0.2725618579511	4.8	1	FALSE
IM_165	128	0.102290252141326	6.553	0	0.789911767749723	6.6	0.56	FALSE
IM_169	448	0.166953749451559	3.187	0.257644998903816	0.217505184292579	3.2	0.87	TRUE
IM_169	448	0.205601239968296	6.375	0.164153548342262	0.831011678510258	6.4	0.82	FALSE
IM_170	225	0.168150660700396	3.27	0.161133245468794	0.547032740100074	3.3	0.73	TRUE
IM_171	252	0.177252844440873	3.175	0.164233879832553	0.422444036019299	3.2	0.84	TRUE
IM_172	348	0.169477761511737	1.987	0.115961447443278	0.104542910721916	2	1	FALSE
IM_172	348	0.203829506464334	5.265	0.00541872647741345	0.819279994647232	5.3	0.87	FALSE
IM_172	348	0.208487348916873	2.981	0.00541872647741345	0.235221549124312	3	1	FALSE
IM_174	329	0.175258323731103	2.899	0.0356366964087764	0.299783330428164	2.9	0.71	FALSE
IM_174	329	0.214750299835534	1.999	5.75911710627658	0.205437005052232	2	0.65	FALSE
IM_175	221	0.189209114630205	4.442	0	0.928402681658283	4.4	0.95	FALSE
IM_175	221	0.197161379084424	2.074	0	0.193048340013297	2.1	1	FALSE
IM_175	221	0.215028881388701	3.548	0	0.747263207429146	3.5	0.79	FALSE
IM_175	221	0.221261628651337	2.864	0	0.368148875172749	2.9	1	FALSE
IM_176	263	0.181740180648881	5.415	0	1.79168297460254	5.4	0.81	FALSE
IM_176	263	0.190138356154034	6.506	0	2.19041355747638	6.5	1	FALSE
IM_176	263	0.190340927492927	4.422	0	1.51287598550727	4.4	0.67	FALSE
IM_176	263	0.203098854489246	1.972	0	0.201139904267803	2	1	FALSE
IM_177	225	0.1657132351532	2.071	0	0.201982592709805	2.1	1	FALSE
IM_177	225	0.201810471751515	6.506	0	2.05924019726672	6.5	0.95	FALSE
IM_177	225	0.211865475169526	2.958	0	0.412209372877153	3	1	FALSE
IM_177	225	0.212805938704408	5.415	0	1.7028057029601	5.4	0.77	FALSE
IM_178	233	0.16139616018041	7.517	0	2.41117555260221	7.5	0.77	FALSE
IM_178	233	0.164084814102849	2.079	0	0.158239495998376	2.1	1	FALSE
IM_178	233	0.170770504993932	6.522	0	2.14127909827394	6.5	0.64	FALSE
IM_178	233	0.181673385701469	5.429	0	1.76262594115578	5.4	0.57	FALSE
IM_18	216	0.129336637953073	1.774	0.102598412482183	0.257543545347248	1.8	0.92	TRUE
IM_18	216	0.177114117887803	3.644	0	1.16598568088871	3.6	0.8	FALSE
IM_180	122	0.0768149418438631	2.568	0.0324443233037756	0.306402108702176	2.6	0.98	TRUE
IM_180	122	0.106307898248613	5.233	0.0324443233037756	1.31647054156677	5.2	0.92	FALSE
IM_181	221	0.174268143470447	2.672	0.057440053717081	0.545863704114016	2.7	0.87	TRUE
IM_181	221	0.180816510667925	6.439	0.0325132427244054	2.56449158439155	6.4	1	FALSE
IM_182	160	0.0850003604290023	2.691	0.112827568294137	0.374147418343843	2.7	0.82	TRUE
IM_182	160	0.152299860622277	3.69	0.0325463986313949	0.519824591146709	3.7	1	FALSE
IM_183	149	0.157345586158074	2.56	0.167654503591241	0.658178617064307	2.6	0.55	FALSE
IM_186	176	0.128257398328814	3.388	0	0.192181018025744	3.4	0.72	TRUE
IM_186	176	0.195911144935615	7.874	0	0.878116647314113	7.9	0.66	FALSE
IM_187	173	0.0779099005937313	3.783	0	0.190473530779653	3.8	0.79	TRUE
IM_187	173	0.103163537442447	7.567	0	0.764293734178229	7.6	0.65	FALSE
IM_19	283	0.178592457752324	1.769	0.568813356853709	0.308730260114121	1.8	0.84	FALSE
IM_19	283	0.208002751828822	5.311	0	2.50861949245928	5.3	0.71	FALSE
IM_19	283	0.208237408501422	4.311	0.0874267125537457	2.47378346929198	4.3	0.53	FALSE
IM_190	184	0.0805313099330856	1.888	0.011888350494975	0.0739511681362084	1.9	0.9	TRUE
IM_190	184	0.101541434305602	5.764	0.011888350494975	0.710430695147835	5.8	0.72	FALSE
IM_190	184	0.102321420289342	3.876	0.011888350494975	0.317884004891523	3.9	0.8	FALSE
IM_190	184	0.119990716035671	4.767	0.011888350494975	0.596202343829064	4.8	0.62	FALSE
IM_193	187	0.178235820518934	6.314	0.00540385081329216	0.864097807712718	6.3	0.64	TRUE
IM_193	187	0.178447670926982	5.314	0.00540385081329216	0.873693489939476	5.3	0.48	FALSE
IM_194	157	0.208330702123521	2.663	0.00540350035603883	0.411843856756505	2.7	0.58	FALSE
IM_195	412	0.142493155282831	4.561	0	0.322576895805967	4.6	0.82	TRUE
IM_195	412	0.173092327327531	5.656	0	0.412752819645338	5.7	1	FALSE
IM_196	203	0.153559878471099	3.272	0.00655354506146518	0.339602399778363	3.3	0.75	FALSE
IM_196	203	0.205829573399669	1.684	1.54009146346508	0.113918315017081	1.7	0.77	TRUE
IM_198	67	0.159843795899714	2.559	0.0119117803880698	0.528672716750353	2.6	0.56	TRUE
IM_199	82	0.0884337050587145	2.74	0.034669072867706	0.83896272761281	2.7	0.5	FALSE
IM_202	227	0.0708852313924886	3.279	0	0.247441545157012	3.3	0.83	TRUE
IM_202	227	0.130555243493358	6.46	0	0.897270559428154	6.5	0.78	FALSE
IM_204	231	0.216000803697265	3.581	0	0.398128124220617	3.6	0.8	TRUE
IM_205	199	0.151524764940995	2.782	0.0270488162952716	0.247398633077947	2.8	0.78	TRUE
IM_206	138	0.212765380658226	2.471	0	0.363974435785054	2.5	0.65	FALSE
IM_207	748	0.0689013221137009	2.095	0.0174318207711423	0.122259205497744	2.1	0.8	TRUE
IM_207	748	0.105988111742454	4.09	0.0174318207711423	0.459619741705805	4.1	0.68	FALSE
IM_208	464	0.129469686098893	3.369	0.00548488631401809	0.214770828172549	3.4	0.71	TRUE
IM_208	464	0.157158124987288	4.466	0	0.253718002823999	4.5	0.96	FALSE
IM_208	464	0.177820198272338	7.738	0	0.85168372331604	7.7	0.77	FALSE
IM_209	216	0.230718222495725	2.568	0	0.299452125859802	2.6	0.68	FALSE
IM_21	303	0.11597646269171	1.984	0.41626551126024	0.240445007283726	2	0.42	TRUE
IM_21	303	0.115978443041097	2.984	0.014055618959679	0.241625995436447	3	0.53	FALSE
IM_21	303	0.115979105263618	3.984	0	0.242050645610143	4	0.72	FALSE
IM_21	303	0.118001964400556	4.984	0	0.265090620530308	5	1	FALSE
IM_210	235	0.199951228283669	2.471	0	0.260568725331606	2.5	0.84	FALSE
IM_210	235	0.221936473005837	3.267	0	0.341883395319387	3.3	1	FALSE
IM_210	235	0.252707012133003	1.577	0.00542372253303061	0.166466124956266	1.6	0.74	FALSE
IM_211	119	0.0627756862889636	1.885	0.0357644609139738	0.138920463580815	1.9	0.8	TRUE
IM_211	119	0.126704240774359	3.773	0.0249267739482989	0.459339335623904	3.8	0.78	FALSE
IM_214	235	0.0832763220955866	1.891	0.00324247135316334	0.104383958671353	1.9	0.88	TRUE
IM_214	235	0.139427289813282	3.882	0.00324247135316334	0.428083692906575	3.9	0.8	FALSE
IM_215	211	0.228434822640233	1.783	0.392292365164748	0.193236586244092	1.8	0.57	FALSE
IM_218	174	0.114826649620536	2.894	0.00873870386491836	0.284859539260497	2.9	0.44	TRUE
IM_219	128	0.211075414544311	2.173	0.00540344190420015	0.188457198037064	2.2	1	FALSE
IM_22	136	0.055129622441289	1.89	0.101469004702765	0.149973260786025	1.9	0.72	TRUE
IM_22	136	0.102463579437284	3.779	0.0140328953998761	0.603454288176609	3.8	0.56	FALSE
IM_220	126	0.0586021516839352	2.572	0.00540396750425111	0.27850408218789	2.6	0.64	TRUE
IM_222	131	0.074321243170351	1.885	0.0108032645575773	0.141633792184908	1.9	0.67	TRUE
IM_223	128	0.140655123364804	1.98	0	0.176025912781214	2	0.72	TRUE
IM_226	262	0.168184833495435	6.445	0	1.09658696397992	6.4	0.94	FALSE
IM_226	262	0.176804805195865	2.083	0	0.110093399474232	2.1	1	FALSE
IM_226	262	0.18344478984277	5.45	0	0.928137746762801	5.4	0.77	FALSE
IM_227	317	0.189953865735321	2.075	0	0.185057923146153	2.1	1	FALSE
IM_227	317	0.192151442457057	5.335	0	1.22364830815007	5.3	1	FALSE
IM_227	317	0.19692277861042	4.441	0	1.01150523742172	4.4	0.83	FALSE
IM_227	317	0.2213722480343	3.548	0	0.80422305527606	3.5	0.72	FALSE
IM_227	317	0.222529045127035	2.964	0	0.377669230910516	3	1	FALSE
IM_229	197	0.0928753633682681	2.689	0.0324984496064775	0.265485496627343	2.7	0.99	TRUE
IM_229	197	0.146232089735164	5.278	0.0324984496064775	1.13546384112803	5.3	0.86	FALSE
IM_23	259	0.0974662225021152	2.091	0.016276147460918	0.155257773355911	2.1	0.82	TRUE
IM_23	259	0.1479710128647	4.282	0	0.672700663332627	4.3	0.67	FALSE
IM_23	259	0.15112593518927	3.282	0.016276147460918	0.637800916150346	3.3	0.52	FALSE
IM_233	246	0.217735478978693	1.565	5.68257875287762	0.330711186692444	1.6	0.41	FALSE
IM_234	69	0.0181795701452758	4.981	0	0.374659242396866	5	0.92	FALSE
IM_234	69	0.0217064018114433	3.983	0	0.300231559577949	4	0.76	FALSE
IM_234	69	0.0253904691721778	2.986	0	0.222265019091711	3	0.67	FALSE
IM_234	69	0.0262385292614933	1.993	0	0.0559832608510535	2	1	FALSE
IM_235	115	0.019556521247178	2.98	0	0.183657414437978	3	0.72	FALSE
IM_235	115	0.0218993543557476	3.979	0	0.205899661861262	4	1	FALSE
IM_235	115	0.0229152902465765	1.982	0	0.153016990087145	2	0.58	FALSE
IM_235	115	0.0377364492915015	4.973	0	0.321718221658222	5	1	FALSE
IM_235	115	0.0477758200541935	5.968	0	0.466399183040698	6	0.99	FALSE
IM_236	107	0.0390397524705193	1.993	0	0.0347203616990991	2	1	FALSE
IM_236	107	0.0447665907147329	2.983	0	0.197794200070989	3	0.53	FALSE
IM_236	107	0.0447720201915357	3.983	0	0.198141817227266	4	0.72	FALSE
IM_236	107	0.045378058762621	4.982	0	0.21700226061937	5	1	FALSE
IM_236	107	0.0578386775079079	5.978	0	0.312483255291892	6	1	FALSE
IM_236	107	0.0736109913465241	6.975	0	0.425324430813964	7	1	FALSE
IM_236	107	0.0794879330593972	7.966	0	0.738810277195502	8	0.62	FALSE
IM_237	77	0.0270441963029943	1.995	0	0.0383466394658651	2	1	FALSE
IM_237	77	0.0314365456730651	5.984	0	0.357335443665292	6	0.95	FALSE
IM_237	77	0.0314621933215462	4.984	0	0.359649536552899	5	0.64	FALSE
IM_237	77	0.0317415787403161	3.985	0	0.327648209400646	4	0.52	FALSE
IM_237	77	0.0335231588072972	2.987	0	0.247556225897866	3	0.49	FALSE
IM_237	77	0.0408854169974514	6.982	0	0.469746333456848	7	1	FALSE
IM_237	77	0.0525042707342559	7.979	0	0.613546231453842	8	1	FALSE
IM_238	93	0.208140087719779	1.59	1.51263962143393	0.134599418445845	1.6	0.67	FALSE
IM_239	189	0.160396025036044	1.694	1.760933860209	0.179967151589079	1.7	0.48	FALSE
IM_240	299	0.19664453917667	1.887	0.739035731228479	0.211185013961812	1.9	0.47	FALSE
IM_243	140	0.0862001194238992	1.888	0.026080540034367	0.182731799319077	1.9	0.43	TRUE
IM_249	181	0.0585850823766996	1.982	0.00539434775661152	0.13430077551542	2	1	FALSE
IM_249	181	0.0827733854062728	2.974	0.00539434775661152	0.302176744909695	3	1	FALSE
IM_25	280	0.116823728037163	3.177	0.0410792727889952	0.373454171328945	3.2	0.53	TRUE
IM_250	481	0.0778921636032259	1.991	0	0.0524237950004066	2	1	FALSE
IM_250	481	0.112480087666843	2.986	0	0.117953538750915	3	1	FALSE
IM_250	481	0.141412762857557	3.982	0	0.209695180001626	4	1	FALSE
IM_250	481	0.161083569980595	4.977	0	0.327648718752541	5	1	FALSE
IM_250	481	0.173723227065548	5.973	0	0.471814155003659	6	1	FALSE
IM_252	94	0.0353179406429509	1.8	0	0.0551745795887807	1.8	0.91	TRUE
IM_252	94	0.0659391649301884	3.6	0	0.222251402395575	3.6	0.83	FALSE
IM_252	94	0.0805702452456215	5.3	0	0.492150138956856	5.3	0.75	FALSE
IM_252	94	0.0810051734405641	7.099	0	0.875282750704633	7.1	0.7	FALSE
IM_253	231	0.167185353339996	2.852	0.0433353953863819	0.360449759072813	2.9	0.65	FALSE
IM_254	158	0.203009874517779	1.986	0	0.128036743270799	2	1	FALSE
IM_255	290	0.115721063510248	2.981	0.032772810679643	0.321893079186893	3	0.74	TRUE
IM_255	290	0.161270756289364	5.862	0.032772810679643	1.22843140691705	5.9	0.6	FALSE
IM_256	279	0.0897138221572542	2.983	0.0327824799466416	0.302040034918374	3	0.8	TRUE
IM_257	250	0.0992247029892691	2.985	0.0327685145227355	0.287681726664815	3	0.78	TRUE
IM_258	266	0.109386791673326	2.979	0.0327642201599928	0.366579526112953	3	0.87	FALSE
IM_258	266	0.174087088912934	4.369	0.0327642201599928	0.779233827801891	4.4	0.83	TRUE
IM_258	266	0.175106136537529	1.588	0.107029997003877	0.12145754483276	1.6	0.87	FALSE
IM_259	277	0.100644102565285	2.981	0.0338637614309712	0.310886065969696	3	0.88	TRUE
IM_259	277	0.172547670518829	6.06	0.0338637614309712	1.38868836507614	6.1	0.71	FALSE
IM_260	212	0.114235574868994	2.069	0	0.199976259350368	2.1	0.75	TRUE
IM_260	212	0.132182295231743	3.065	0	0.251066144160449	3.1	1	FALSE
IM_260	212	0.208362105752133	3.955	0	0.418008148446118	4	1	FALSE
IM_262	198	0.152031964173451	1.98	0.00540390923893507	0.129755033833569	2	1	FALSE
IM_262	198	0.204858246742772	2.971	0.00540390923893507	0.29194882612553	3	1	FALSE
IM_269	154	0.101403205174712	1.891	0.174208172588334	0.0838384865671507	1.9	0.69	TRUE
IM_269	154	0.147470662452625	3.683	0.0378712320948191	0.304837152370987	3.7	0.55	FALSE
IM_270	420	0.209348481956452	5.034	0.4889843024017	0.659561378767411	5	0.65	FALSE
IM_270	420	0.209368109834623	6.034	0	0.660953592372248	6	0.96	FALSE
IM_270	420	0.210939034271161	4.528	0.377309414834314	0.452176327888862	4.5	0.79	FALSE
IM_277	258	0.146739418265798	1.978	0.0338165136646851	0.237679937228686	2	0.5	TRUE
IM_28	405	0.175580407268096	3.896	0.0606604506094878	0.59183916206754	3.9	0.7	FALSE
IM_28	405	0.184618929971395	2.896	0.0606604506094878	0.522882259454001	2.9	0.56	FALSE
IM_28	405	0.202450293173504	1.998	0.0606604506094878	0.159441461156074	2	0.81	FALSE
IM_282	321	0.0778972112257092	1.867	0.156533217551589	0.303718138216017	1.9	0.84	TRUE
IM_283	348	0.200273588865356	2.789	0.00771652397841948	0.199753976105956	2.8	0.67	FALSE
IM_284	274	0.210304035117253	2.582	0	0.223970226126226	2.6	0.99	FALSE
IM_285	323	0.199342066596038	2.496	0.00773605293648859	0.152153914475007	2.5	0.76	FALSE
IM_286	470	0.18171132245897	2.495	0.00664286409444215	0.140369982042424	2.5	0.66	FALSE
IM_288	266	0.206773132480664	3.078	0.161996782924407	0.468604652017379	3.1	0.53	FALSE
IM_289	340	0.213999267031474	1.568	7.98755563085155	0.200525193145499	1.6	0.61	FALSE
IM_29	268	0.193960067488629	5.665	0.0108025648680593	2.28155547713962	5.7	0.65	FALSE
IM_29	268	0.206337906596568	4.768	0.0615749222217706	1.90337094517086	4.8	0.59	FALSE
IM_290	83	0.041665713859828	1.983	0.00539492961288575	0.135789304933862	2	1	FALSE
IM_290	83	0.0601841255950304	2.975	0.00539492961288575	0.305525936101189	3	1	FALSE
IM_293	228	0.161026547084026	2.081	0	0.125446555825426	2.1	1	FALSE
IM_293	228	0.204940990977886	3.171	0	0.291286333708019	3.2	1	FALSE
IM_293	228	0.227303656966887	6.738	0	1.31533985065027	6.7	1	FALSE
IM_295	277	0.0946926510009251	1.694	0.450206866725435	0.0972840342975268	1.7	0.56	TRUE
IM_295	277	0.140113944078863	3.487	0.106883503773943	0.4157820545624	3.5	0.38	FALSE
IM_298	100	0.166278217000233	3.37	0.0195363021163028	0.364536349493333	3.4	0.52	TRUE
IM_299	360	0.129420280654537	2.985	0	0.298575038797409	3	0.71	FALSE
IM_299	360	0.131887517366044	1.986	2.90434540385648	0.281127988236227	2	0.54	TRUE
IM_299	360	0.139901037074278	3.985	0	0.327907685478735	4	1	FALSE
IM_3	218	0.0585122741810815	1.99	0	0.0970160288343908	2	0.75	TRUE
IM_3	218	0.079590003851517	2.989	0	0.122785911493526	3	1	FALSE
IM_3	218	0.104325336133731	4.98	0	0.390922773194113	5	0.85	FALSE
IM_3	218	0.104362538072708	3.98	0	0.388064115337563	4	0.6	FALSE
IM_30	554	0.149114289658054	3.894	0.0605168919938756	0.452472216912065	3.9	0.76	FALSE
IM_300	122	0.11212973581919	3.777	0.00546534064483123	0.180523049691486	3.8	1	FALSE
IM_300	122	0.112274639407763	2.777	0.00546534064483123	0.183413685075311	2.8	0.66	TRUE
IM_300	122	0.113050672732173	1.778	7.0273815952854	0.173148021137408	1.8	0.51	FALSE
IM_300	122	0.167290863252509	4.771	0.00546534064483123	0.28803677734708	4.8	1	FALSE
IM_302	65	0.108666422945667	1.994	0	0.0504655981536135	2	1	FALSE
IM_302	65	0.129784578774541	7.675	0	0.812621748399463	7.7	0.86	FALSE
IM_302	65	0.13944403835917	6.677	0	0.705473237843148	6.7	0.72	FALSE
IM_302	65	0.154433141299355	5.679	0	0.596253171937448	5.7	0.63	FALSE
IM_302	65	0.155651445082361	2.991	0	0.11354759584563	3	1	FALSE
IM_303	68	0.0370639653846605	1.994	0	0.0360755932349346	2	1	FALSE
IM_303	68	0.0552327709239408	2.992	0	0.0811700847786029	3	1	FALSE
IM_303	68	0.072849308734377	3.989	0	0.144302372939738	4	1	FALSE
IM_303	68	0.0899040281480457	4.986	0	0.225472457718341	5	1	FALSE
IM_303	68	0.106736781276504	5.983	0	0.324680339114411	6	1	FALSE
IM_306	246	0.118251595781038	1.888	0.898459764753457	0.124326400963432	1.9	0.83	FALSE
IM_306	246	0.164182737269166	5.563	0.0758649957055959	1.08588356433304	5.6	0.62	FALSE
IM_306	246	0.165763293157452	3.676	0.0758649957055959	0.451766518558907	3.7	0.74	TRUE
IM_307	29	0.0222435511660339	1.993	0.00539446386096556	0.0497921404757526	2	1	FALSE
IM_307	29	0.0333359562324965	2.99	0.00539446386096556	0.112032316070443	3	1	FALSE
IM_307	29	0.0443911365736871	3.987	0.00539446386096556	0.19916856190301	4	1	FALSE
IM_307	29	0.0555059364600964	4.983	0.00539446386096556	0.311200877973454	5	1	FALSE
IM_307	29	0.0666211166895531	5.98	0.00539446386096556	0.448129264281773	6	1	FALSE
IM_308	34	0.0173146072456981	1.993	0.00539452207216255	0.047968793353087	2	1	FALSE
IM_308	34	0.0259636278237373	2.99	0.00539452207216255	0.107929785044446	3	1	FALSE
IM_308	34	0.0346069266717545	3.987	0.00539452207216255	0.191875173412348	4	1	FALSE
IM_308	34	0.043107387925861	4.984	0.00539452207216255	0.299804958456794	5	1	FALSE
IM_308	34	0.0514682898220347	5.98	0.00539452207216255	0.431719140177783	6	1	FALSE
IM_308	34	0.0597150195573236	6.977	0.00539452207216255	0.587617718575316	7	1	FALSE
IM_308	34	0.0680467904277972	7.974	0.00539452207216255	0.767500693649392	8	1	FALSE
IM_309	38	0.0215645161334583	1.994	0.0053948131062472	0.0374470153138841	2	1	FALSE
IM_309	38	0.0323233755595312	2.992	0.0053948131062472	0.0842557844562392	3	1	FALSE
IM_309	38	0.0431290322669174	3.989	0.0053948131062472	0.149788061255536	4	1	FALSE
IM_309	38	0.0537413295874707	4.986	0.0053948131062472	0.234043845711775	5	1	FALSE
IM_309	38	0.06420677724159	5.983	0.0053948131062472	0.337023137824957	6	1	FALSE
IM_309	38	0.0745253482842019	6.981	0.0053948131062472	0.45872593759508	7	1	FALSE
IM_309	38	0.0847246360122727	7.978	0.0053948131062472	0.599152245022145	8	1	FALSE
IM_31	444	0.142915247034951	3.868	0.0612000798417667	0.611938318123131	3.9	0.77	FALSE
IM_311	166	0.075593788443745	3.489	0.056333650879271	0.333952612023403	3.5	0.67	FALSE
IM_311	166	0.167666317877261	1.794	0.0953338012737969	0.0927850754938235	1.8	0.78	TRUE
IM_312	155	0.0708779268830192	3.483	0.0550689473661109	0.326786873725803	3.5	0.68	FALSE
IM_312	155	0.109462471377615	2.485	0.100419790149143	0.274638983557339	2.5	0.56	FALSE
IM_312	155	0.163425682521865	1.692	0.100419790149143	0.0779546504206788	1.7	0.81	TRUE
IM_318	155	0.225045861229365	2.785	0	0.290352997532981	2.8	0.84	FALSE
IM_318	155	0.23984013572825	1.589	1.26299893775577	0.162238718141561	1.6	0.72	FALSE
IM_319	104	0.0390521912090377	3.676	0	0.384764476330266	3.7	0.79	TRUE
IM_32	452	0.172405942102168	1.987	0.623039113613111	0.186589775244131	2	0.76	FALSE
IM_32	452	0.191247460799721	3.876	0.0612107831958908	0.620404893703789	3.9	0.69	TRUE
IM_320	103	0.235101632348062	2.971	0	0.275284770389213	3	0.83	FALSE
IM_320	103	0.238111612587743	2.476	0	0.178707678380644	2.5	0.89	FALSE
IM_321	190	0.0921130340908871	1.601	0.0598944444613642	0.0757857357729378	1.6	0.88	FALSE
IM_321	190	0.133191487336994	3.101	0.0598944444613642	0.285000298481323	3.1	0.79	TRUE
IM_322	191	0.183643735566232	2.96	0	0.51484005304889	3	0.67	FALSE
IM_322	191	0.202873560150034	1.669	6.17177514151255	0.29829068005767	1.7	0.6	FALSE
IM_323	269	0.125247986440016	1.973	0.0434446284883786	0.219472526586804	2	0.7	TRUE
IM_325	70	0.176757307756368	1.797	0.00539568643576502	0.0985745121824203	1.8	0.63	FALSE
IM_325	70	0.181249797608501	4.495	0	0.394174717801352	4.5	0.58	FALSE
IM_325	70	0.18125591662378	3.495	0.00539568643576502	0.393667087824641	3.5	0.45	FALSE
IM_326	327	0.104338031897279	3.597	0.00997934020182151	0.324552546017845	3.6	0.68	TRUE
IM_329	222	0.0743030333442544	2.781	0	0.170159887983974	2.8	0.69	TRUE
IM_329	222	0.120764832532603	5.562	0	0.651380566493026	5.6	0.55	FALSE
IM_33	272	0.135593558009586	3.883	0.0604659182005347	1.06709126547076	3.9	0.65	FALSE
IM_33	272	0.158244638087104	2.884	0.0604659182005347	0.886534067614189	2.9	0.55	TRUE
IM_331	113	0.147760735428214	1.98	0.0142072674569668	0.178444720935183	2	0.51	FALSE
IM_332	273	0.165358954789122	2.143	0.819077671239294	0.328519121567924	2.1	0.71	TRUE
IM_332	273	0.199233768221211	3.201	0.819077671239294	0.984102642609719	3.2	0.51	FALSE
IM_332	273	0.199676169902215	4.099	0.0183939815343399	1.02347594916451	4.1	0.64	FALSE
IM_336	452	0.149460118954201	3.485	0.0950672913326251	0.289848196345618	3.5	0.75	FALSE
IM_336	452	0.171533938863206	4.484	0.0393381405325376	0.338078936217529	4.5	1	FALSE
IM_337	359	0.140992202230448	3.682	0.0993958820512423	0.416670258648286	3.7	0.72	FALSE
IM_337	359	0.149779797593513	1.791	0.0993958820512423	0.104180173839202	1.8	0.82	FALSE
IM_338	367	0.135166767722317	1.884	0.21622078536724	0.103233460042714	1.9	0.87	FALSE
IM_338	367	0.159088114280103	3.867	0.0360367550935644	0.459635667038226	3.9	0.73	FALSE
IM_338	367	0.168106141317312	4.865	0.0360367550935644	0.512650291826983	4.9	1	FALSE
IM_339	345	0.160389317545745	1.888	0.44586733030414	0.104021451492388	1.9	0.81	FALSE
IM_339	345	0.199789821444138	3.578	0.090703309143068	0.343103917266075	3.6	0.74	FALSE
IM_34	257	0.205697953746276	3.262	0.060544365241674	0.779169880194479	3.3	0.67	FALSE
IM_34	257	0.210967025968791	1.779	0.129737904924515	0.230696202445463	1.8	0.79	FALSE
IM_340	403	0.0945106353604098	1.889	0.151819491598313	0.126830749506271	1.9	0.83	TRUE
IM_340	403	0.130595150956493	3.678	0.0371356746929664	0.468650257238391	3.7	0.73	FALSE
IM_340	403	0.163817057204427	2.681	0.472934375534301	0.376371214590982	2.7	0.61	FALSE
IM_341	239	0.0736665181760893	1.788	0.154340808216931	0.146023111008131	1.8	0.84	TRUE
IM_341	239	0.135164847515228	2.785	0.0366963867556147	0.240682931734689	2.8	1	FALSE
IM_342	244	0.125428509636062	1.786	0.589706145645928	0.181446436910225	1.8	0.65	FALSE
IM_348	204	0.0824350934497353	1.799	0.0187523040926112	0.0734690462903368	1.8	0.75	FALSE
IM_348	204	0.108929079997505	3.599	0.0187523040926112	0.293876185161348	3.6	0.6	TRUE
IM_349	100	0.0420769188705442	3.273	0.0109126693625747	0.136644305852788	3.3	0.92	TRUE
IM_349	100	0.0815520796934765	6.546	0.0109126693625747	0.547382315691826	6.5	0.85	FALSE
IM_350	105	0.0665267810712787	3.178	0.0118782084844077	0.120372701101419	3.2	0.89	TRUE
IM_350	105	0.100979943142206	6.256	0.0118782084844077	0.464155779741167	6.3	0.81	FALSE
IM_351	103	0.0626501717213888	3.176	0.0119817155139158	0.168074098658655	3.2	0.93	TRUE
IM_351	103	0.104118418024282	6.353	0.0119817155139158	0.666620307406157	6.4	0.88	FALSE
IM_352	432	0.193537597260313	4.528	0	0.306080685885145	4.5	0.59	TRUE
IM_353	433	0.213366700627633	6.031	0	0.431120019752994	6	0.81	FALSE
IM_353	433	0.213454421554419	5.03	2.23067621049098	0.428344181106981	5	0.58	FALSE
IM_354	475	0.18610583746986	4.371	0.00890190955193804	0.353347469697205	4.4	0.68	TRUE
IM_357	118	0.0935181772795808	3.71	0	0.230773723885792	3.7	0.74	FALSE
IM_357	118	0.136192501640968	1.905	0.203889048213587	0.0635090591024141	1.9	0.83	TRUE
IM_358	110	0.122230831885021	3.702	0	0.287078743894496	3.7	0.64	FALSE
IM_358	110	0.131289499117124	1.901	0	0.0790295215688024	1.9	0.76	TRUE
IM_360	264	0.0907066425880452	1.784	0.194389091863162	0.149055729394339	1.8	0.74	TRUE
IM_360	264	0.15122727803969	3.568	0	0.592518257380806	3.6	0.59	FALSE
IM_361	212	0.0854882022148616	1.978	0.00651787768838221	0.0883061458817252	2	0.68	FALSE
IM_361	212	0.111065179197674	4.055	0	0.360928392882846	4.1	0.52	TRUE
IM_362	179	0.221793836574026	2.871	0.0163752589786761	0.295397166428841	2.9	0.5	FALSE
IM_362	179	0.224801409415075	3.767	0.00655011086941185	0.382193597738419	3.8	0.53	FALSE
IM_364	150	0.0339969215107119	1.801	0.00325115073501117	0.0666247706472434	1.8	0.8	TRUE
IM_364	150	0.0653916332256264	3.602	0.00325115073501117	0.27002183462196	3.6	0.66	FALSE
IM_367	359	0.0808171957695943	1.89	0.0572903836903171	0.0882082060108583	1.9	0.8	TRUE
IM_367	359	0.1440669271263	4.879	0	0.390626524189575	4.9	0.93	FALSE
IM_368	254	0.104993690447619	1.579	0.512111083528244	0.220059192445252	1.6	0.59	FALSE
IM_369	95	0.154678714737316	1.986	0.112239397742526	0.1975225468379	2	0.62	FALSE
IM_37	220	0.213268171042344	2.989	0.00541127832930415	0.287868154109582	3	0.76	FALSE
IM_37	220	0.21510269193751	6.674	0.00541127832930415	1.54150205090363	6.7	0.54	FALSE
IM_37	220	0.215311550123164	5.674	0.165586112558558	1.52228701367005	5.7	0.43	FALSE
IM_372	205	0.18409765049348	4.075	0	0.447995468240839	4.1	0.6	FALSE
IM_372	205	0.187287347107886	3.176	0.00543675601654778	0.410343547559526	3.2	0.5	TRUE
IM_372	205	0.197277352799164	2.684	0.00543675601654778	0.18769871903392	2.7	0.71	FALSE
IM_374	185	0.20145343444008	3.921	0.191572895291846	1.40954644967919	3.9	0.49	FALSE
IM_374	185	0.206707334706877	2.925	0.942711992756204	1.26523493551079	2.9	0.42	FALSE
IM_375	302	0.190614378725851	1.98	0.23904370543077	0.120943960297271	2	0.5	FALSE
IM_377	500	0.0984099044999235	1.983	0.0043186398186588	0.136888994981964	2	1	FALSE
IM_377	500	0.113354783088368	3.074	0.0043186398186588	0.328875810444168	3.1	1	FALSE
IM_377	500	0.134561258762758	4.066	0.0043186398186588	0.575276001411702	4.1	1	FALSE
IM_377	500	0.157274816020569	5.058	0.0043186398186588	0.890120689870219	5.1	1	FALSE
IM_381	196	0.0871032315621245	1.696	0.698364271099141	0.178523255203908	1.7	0.44	TRUE
IM_383	227	0.0502923051632148	1.794	0.384424514792959	0.0892835200980992	1.8	0.63	TRUE
IM_383	227	0.0937519503746183	3.588	0.380018536933123	0.356968383834721	3.6	0.46	FALSE
IM_385	206	0.0839526549302716	3.281	0	0.361112556997183	3.3	0.71	TRUE
IM_386	296	0.181356609325307	3.172	0	0.33659942387327	3.2	0.61	FALSE
IM_387	429	0.178017113220079	2.569	0	0.379925154435085	2.6	0.92	FALSE
IM_387	429	0.255744105988896	1.776	8.31169755856962	0.234857660176922	1.8	0.84	TRUE
IM_388	406	0.124001276715193	1.886	1.06795845750973	0.153077611825152	1.9	0.66	TRUE
IM_389	211	0.142888420158065	1.876	0.390223570651841	0.30445025486135	1.9	0.65	TRUE
IM_39	253	0.20120042211981	3.668	0.00432391472231246	1.07363717984015	3.7	0.6	FALSE
IM_39	253	0.207593509385702	2.671	1.72633701473143	0.875859438923638	2.7	0.52	FALSE
IM_390	345	0.187851758304034	2.981	0.0629646354096507	0.262922572261292	3	0.69	TRUE
IM_391	300	0.176606996245697	3.685	0	0.398991468222845	3.7	0.63	FALSE
IM_394	239	0.0903768596406521	1.985	0.0917579467552398	0.133084837936116	2	0.81	TRUE
IM_394	239	0.11630463837252	3.871	0	0.485682241431248	3.9	0.71	FALSE
IM_395	75	0.0905403573747922	1.797	0.00539504602171285	0.111254560794078	1.8	0.63	TRUE
IM_396	81	0.0702327753122704	1.798	0.00542201658395627	0.0527869722555476	1.8	0.7	TRUE
IM_396	81	0.0930706077677503	3.696	0	0.229975074891599	3.7	0.52	FALSE
IM_397	33	0.0123821317065241	1.997	0	0.0224203532869131	2	1	FALSE
IM_397	33	0.0185427385502724	2.995	0	0.0504457948955545	3	1	FALSE
IM_397	33	0.0247421984109145	3.994	0	0.0896814131476524	4	1	FALSE
IM_397	33	0.0308773641247293	4.992	0	0.140127208043207	5	1	FALSE
IM_397	33	0.0369743904444254	5.991	0	0.201783179582218	6	1	FALSE
IM_397	33	0.0429995742172978	6.989	0	0.274649327764685	7	1	FALSE
IM_397	33	0.0489888824120367	7.988	0	0.358725652590609	8	1	FALSE
IM_399	290	0.136816655264352	3.257	0	0.346176084157611	3.3	0.54	FALSE
IM_399	290	0.168565077592929	2.263	0.150936589693136	0.246411855344248	2.3	0.51	TRUE
IM_40	219	0.226759884081388	2.577	1.29509312621407	0.646105306072435	2.6	0.61	FALSE
IM_40	219	0.227112787029489	3.769	0.00540519449233632	1.182951137378	3.8	0.58	FALSE
IM_400	194	0.13977779608784	3.37	0	0.31376478147973	3.4	0.76	TRUE
IM_401	239	0.077214018253688	3.364	0	0.254646662151284	3.4	0.71	TRUE
IM_402	175	0.0884645465631781	3.365	0	0.342252376167183	3.4	0.72	TRUE
IM_403	485	0.144190167101002	2.68	0.078994866524732	0.127722763178409	2.7	0.66	FALSE
IM_403	485	0.161443132538935	5.26	0.00541057616666466	0.511721432182839	5.3	0.48	TRUE
IM_411	166	0.0502965568236479	1.602	0.0291384022896993	0.141424083309913	1.6	0.7	TRUE
IM_412	180	0.0524994907039106	1.603	0.0302780560902469	0.122880493939865	1.6	0.69	TRUE
IM_412	180	0.0989460833245172	3.306	0.0302780560902469	0.467110129070457	3.3	0.56	FALSE
IM_414	102	0.0485073414742953	3.878	0	0.366876098052169	3.9	0.91	TRUE
IM_414	102	0.0550178284805877	2.878	0.00545044623315184	0.3455507324968	2.9	0.65	FALSE
IM_414	102	0.163040414604484	4.873	0	0.524577424340299	4.9	1	FALSE
IM_415	108	0.146981421022991	2.776	0.00545044624503486	0.3365816325946	2.8	0.5	TRUE
IM_415	108	0.146983666320412	4.776	0	0.339420773396586	4.8	0.99	FALSE
IM_415	108	0.14703429564236	3.776	0	0.340844815354911	3.8	0.66	FALSE
IM_415	108	0.179038226827547	5.672	0	0.474632692838478	5.7	1	FALSE
IM_420	129	0.035246272747734	1.993	0	0.0480814228675189	2	1	FALSE
IM_420	129	0.0522200010106254	2.99	0	0.108183201451917	3	1	FALSE
IM_420	129	0.0678769169089171	3.987	0	0.192325691470075	4	1	FALSE
IM_420	129	0.0821907502415753	4.983	0	0.300508892921993	5	1	FALSE
IM_420	129	0.095024013717711	5.98	0	0.43273280580767	6	1	FALSE
IM_420	129	0.107790540553466	6.976	0	0.588997430127106	7	1	FALSE
IM_421	261	0.149834655021968	1.674	0.498852721219669	0.204361486776455	1.7	0.61	FALSE
IM_422	247	0.139968672484132	2.991	0.0324758624251386	0.266671104107573	3	0.59	TRUE
IM_422	247	0.172812753456096	7.081	0	1.02556421542329	7.1	0.57	FALSE
IM_422	247	0.173021109633494	6.081	0.0324758624251386	1.03432284669746	6.1	0.44	FALSE
IM_423	108	0.0536846816765208	1.787	0.00863420213284328	0.0989126202707898	1.8	0.7	TRUE
IM_423	108	0.112949359324313	3.574	0.00863420213284328	0.3746648575201	3.6	0.56	FALSE
IM_424	47	0.020884611113801	1.991	0	0.0622280234449087	2	1	FALSE
IM_424	47	0.0312582949915373	2.987	0	0.140013052751044	3	1	FALSE
IM_424	47	0.0411890383828802	3.982	0	0.248912093779635	4	1	FALSE
IM_424	47	0.0502503278494895	4.978	0	0.388925146530679	5	1	FALSE
IM_424	47	0.0587196088482642	5.974	0	0.560052211004178	6	1	FALSE
IM_426	94	0.121229707348471	1.877	0.0140259305959028	0.21671141925947	1.9	0.6	TRUE
IM_428	141	0.0832768806662455	3.871	0	0.346784991058809	3.9	1	TRUE
IM_428	141	0.0848074419960912	2.871	0.00545669204750758	0.336402797404721	2.9	0.68	FALSE
IM_428	141	0.181810378038496	1.58	3.25875788842259	0.169302781014534	1.6	0.64	FALSE
IM_43	194	0.0533704812963836	1.992	0	0.054925160369275	2	1	FALSE
IM_43	194	0.0791619584905369	2.988	0	0.123581610830869	3	1	FALSE
IM_43	194	0.101473269937879	3.984	0	0.2197006414771	4	1	FALSE
IM_43	194	0.118138968317497	4.98	0	0.343282252307969	5	1	FALSE
IM_43	194	0.132050105704998	5.976	0	0.494326443323475	6	1	FALSE
IM_430	276	0.162705763632856	2.984	0.0044603163249097	0.215619842330681	3	0.57	TRUE
IM_431	290	0.0901478796346178	2.685	0.0120940865088874	0.120734538993542	2.7	0.78	TRUE
IM_431	290	0.133890267359247	4.469	0.0120940865088874	0.546485886929894	4.5	0.45	FALSE
IM_431	290	0.133927843824287	5.469	0.00769624686446538	0.547089072189654	5.5	0.58	FALSE
IM_432	34	0.0330147910156643	3.478	0.00544113386185179	0.260993288957512	3.5	0.61	FALSE
IM_432	34	0.112355705961287	2.382	1.21011609321956	0.169256082798639	2.4	0.58	FALSE
IM_433	266	0.166152752298292	4.111	0	0.485613605688565	4.1	0.95	TRUE
IM_434	131	0.0426862865384534	2.087	0.11352452846645	0.0548159114616282	2.1	0.92	TRUE
IM_434	131	0.0646228564778508	4.076	0.11352452846645	0.2076345397467	4.1	0.86	FALSE
IM_434	131	0.0969762347039373	6.163	0.11352452846645	0.475892148348478	6.2	0.8	FALSE
IM_435	150	0.0672392994615949	1.797	0	0.101007789650051	1.8	0.84	TRUE
IM_435	150	0.107997503359378	3.695	0	0.42578227137507	3.7	0.72	FALSE
IM_438	218	0.114949934483508	1.982	0	0.116861814853005	2	1	FALSE
IM_438	218	0.162482015817306	2.973	0	0.262939083419261	3	1	FALSE
IM_438	218	0.194750327221933	3.964	0	0.467447259412019	4	1	FALSE
IM_440	260	0.217837594740544	2.549	0.00873749978037839	0.486012770032772	2.5	0.89	FALSE
IM_440	260	0.227234183991724	4.316	0.00873749978037839	1.30904730346602	4.3	0.88	FALSE
IM_445	265	0.092989579262809	1.981	0.177355304605824	0.142833639010964	2	0.65	TRUE
IM_449	242	0.144990559552323	2.803	0.0120497045672409	0.285796924232797	2.8	0.65	TRUE
IM_449	242	0.184297212004889	6.507	0.0120497045672409	1.06530864564188	6.5	0.67	FALSE
IM_5	75	0.0860802010155889	4.89	0.00545835986455062	0.369794919451977	4.9	0.83	TRUE
IM_5	75	0.0960222924858033	2.495	0.00545835986455062	0.0921507711754248	2.5	0.93	FALSE
IM_5	75	0.139224717325118	7.385	0.00545835986455062	0.838936215708792	7.4	0.77	FALSE
IM_55	225	0.220542787060837	3.041	0	0.862313551892469	3	0.68	FALSE
IM_56	175	0.129569503977406	1.888	0.309052115308933	0.230811021320314	1.9	0.56	TRUE
IM_57	112	0.14326252136058	2.066	3.20299737834825	0.213113112027265	2.1	0.66	FALSE
IM_59	260	0.198143011008688	2.083	0.412741412945918	0.155717729423127	2.1	0.61	FALSE
IM_59	260	0.220887763416985	3.87	0.0511841776233365	0.462297762998165	3.9	0.51	FALSE
IM_6	61	0.100351050853578	2.488	0.00545847901490801	0.155847055427232	2.5	0.94	TRUE
IM_6	61	0.177024093864526	3.385	0.00545847901490801	0.260926528300547	3.4	1	FALSE
IM_6	61	0.217045363018941	4.08	0.00545847901490801	0.4265577608405	4.1	0.89	FALSE
IM_61	24	0.0168627419600624	1.989	0	0.0816872733634255	2	1	FALSE
IM_61	24	0.0253156530919099	2.984	0	0.183796365067707	3	1	FALSE
IM_61	24	0.0337254839201247	3.978	0	0.326749093453702	4	1	FALSE
IM_62	154	0.0359574132696265	1.992	0	0.0513066135993482	2	1	FALSE
IM_62	154	0.0532626341156138	2.989	0	0.115439880598533	3	1	FALSE
IM_62	154	0.0684649609514315	3.985	0	0.205226454397393	4	1	FALSE
IM_62	154	0.0812508670702621	4.981	0	0.320666334995926	5	1	FALSE
IM_62	154	0.0922270700419569	5.977	0	0.461759522394134	6	1	FALSE
IM_62	154	0.102975484198206	6.973	0	0.628506016592016	7	1	FALSE
IM_62	154	0.113047470856832	7.97	0	0.820905817589571	8	1	FALSE
IM_63	25	0.0147704115329251	1.992	0	0.055658634570954	2	1	FALSE
IM_63	25	0.0221579929116515	2.989	0	0.125231927784646	3	1	FALSE
IM_63	25	0.0295408230658488	3.985	0	0.222634538283816	4	1	FALSE
IM_63	25	0.0368962414937827	4.981	0	0.347866466068462	5	1	FALSE
IM_66	225	0.0684377635392093	1.801	0.248880528626019	0.064992960798882	1.8	0.9	TRUE
IM_66	225	0.112386315862793	3.502	0.248880528626019	0.242930353665888	3.5	0.83	FALSE
IM_66	225	0.123561663678362	5.303	0.248880528626019	0.565811952439706	5.3	0.75	FALSE
IM_68	206	0.16209472398864	2.573	0.00763580028033512	0.329856008828579	2.6	0.93	TRUE
IM_68	206	0.207543025456053	5.149	0	1.18812965959388	5.1	0.99	FALSE
IM_68	206	0.227546970522545	3.961	0	0.697604380953498	4	1	FALSE
IM_7	169	0.142884560980916	3.069	0.0119625975667566	0.539084420689982	3.1	0.46	TRUE
IM_70	107	0.245609837965971	1.776	2.29769242980287	0.218618589611859	1.8	0.76	FALSE
IM_71	325	0.124661616700546	1.786	0.303746391386696	0.143962375169104	1.8	0.72	FALSE
IM_71	325	0.17087078628984	3.571	0.030926854161596	0.594042680231203	3.6	0.55	FALSE
IM_72	539	0.148395845633155	1.786	1.50535217282302	0.136829019509766	1.8	0.75	FALSE
IM_72	539	0.193361148594217	3.571	0.0309015990346768	0.573117200164513	3.6	0.58	FALSE
IM_73	215	0.179709591150199	1.765	0.102325075473849	0.361853555888224	1.8	0.72	FALSE
IM_75	411	0.153582990916774	1.685	2.87578511561155	0.15898002857691	1.7	0.71	FALSE
IM_79	166	0.219128421879009	2.869	0	0.329338818146595	2.9	0.81	FALSE
IM_80	401	0.119868179677422	3.185	0.100950834556787	0.236118884524831	3.2	0.74	TRUE
IM_81	126	0.0797454190566521	1.889	0.0780072770123609	0.151430708598986	1.9	0.81	TRUE
IM_82	255	0.17756187992729	2.582	0.228879769091981	0.231209105092888	2.6	0.79	FALSE
IM_82	255	0.227269245043964	1.785	7.71497960137465	0.156657313877826	1.8	0.72	TRUE
IM_84	207	0.092718537462608	1.982	0.0378083393921583	0.158128579027098	2	0.59	TRUE
IM_85	272	0.0990345164337529	1.887	0.843000219784744	0.174972039917064	1.9	0.48	TRUE
IM_87	245	0.223534308004525	3.066	0.0269936894398449	0.570137105523671	3.1	0.67	FALSE
IM_87	245	0.236158306994729	1.875	1.7783487866109	0.302771186373315	1.9	0.65	FALSE
IM_9	232	0.112229940107416	4.09	0	0.482441786552394	4.1	0.39	TRUE
IM_9	232	0.112266657818568	3.09	0.262374973331062	0.473460271566729	3.1	0.33	FALSE
IM_91	101	0.187351766615576	1.693	2.02990755950164	0.146783838431792	1.7	0.68	FALSE
IM_91	101	0.194130175337224	2.592	0.00541016560497837	0.234695673404034	2.6	0.73	FALSE
IM_92	315	0.092510575232158	1.887	0.00867728295165417	0.176330109791538	1.9	0.68	TRUE
IM_98	138	0.0442597107470749	1.988	0	0.0837935322335053	2	1	FALSE
IM_98	138	0.0645131893076216	2.982	0	0.188535447525387	3	1	FALSE
IM_98	138	0.0812540687094019	3.977	0	0.335174128934021	4	1	FALSE
IM_98	138	0.0953396207008279	4.971	0	0.523709576459408	5	1	FALSE
JBLAB-19302	202	0.124464997352395	2.677	0.0173273494045942	0.305223989257441	2.7	0.44	TRUE
JBLAB-19303	253	0.133193155143045	2.575	0.0184125092634827	0.346770831036014	2.6	0.47	TRUE
JBLAB-19304	195	0.0731883741182262	1.893	0.314096699495254	0.169145146946938	1.9	0.49	TRUE
JBLAB-19305	254	0.110541956920199	3.556	0	0.324834896289858	3.6	0.57	TRUE
JBLAB-19311	85	0.0414039445011697	1.8	0.0187740480750208	0.100148186561497	1.8	0.78	TRUE
JBLAB-19311	85	0.0947630279308435	3.601	0.0187740480750208	0.362623299597316	3.6	0.69	FALSE
JBLAB-19312	188	0.0677608786365954	2.178	0	0.113308519386975	2.2	0.78	TRUE
JBLAB-19312	188	0.0948128299811646	5.257	0	0.42979048927012	5.3	0.96	FALSE
JBLAB-19312	188	0.0948186862053435	4.257	0	0.428767544281618	4.3	0.65	FALSE
JBLAB-19312	188	0.12984893013636	7.336	0	0.948532412308937	7.3	0.77	FALSE
JBLAB-19313	225	0.0771879407034176	2.081	0	0.0898762704919508	2.1	0.81	TRUE
JBLAB-19313	225	0.100434097886483	5.261	0	0.391472409547104	5.3	0.97	FALSE
JBLAB-19313	225	0.100495290624189	4.26	0	0.393675662338209	4.3	0.65	FALSE
JBLAB-19313	225	0.120768537383787	7.342	0	0.849816389369478	7.3	0.8	FALSE
JBLAB-19313	225	0.120795125292249	6.342	0	0.851704659844825	6.3	0.57	FALSE
JBLAB-19315	206	0.181689472020094	4.148	0	1.24655752840316	4.1	0.34	FALSE
JBLAB-19316	170	0.0603646896470237	1.688	0.126461900166989	0.172223915103002	1.7	0.43	TRUE
JBLAB-19317	164	0.0884208134737745	1.683	0.365812179911695	0.183735653991629	1.7	0.56	TRUE
JBLAB-19318	124	0.0764835085706604	1.689	0.0489900771414256	0.168549754994446	1.7	0.5	TRUE
JBLAB-19320	41	0.0172200461656041	1.994	0.00431738054320748	0.0437056079969783	2	1	FALSE
JBLAB-19320	41	0.0257057706674115	2.991	0.00431738054320748	0.0983376179932012	3	1	FALSE
JBLAB-19320	41	0.0339292148903552	3.988	0.00431738054320748	0.174822431987913	4	1	FALSE
JBLAB-19320	41	0.0421557189207415	4.985	0.00431738054320748	0.273160049981114	5	1	FALSE
JBLAB-19320	41	0.0504607906332531	5.982	0.00431738054320748	0.393350471972805	6	1	FALSE
JBLAB-19320	41	0.058874407199278	6.979	0.00431738054320748	0.535393697962984	7	1	FALSE
JBLAB-19320	41	0.0672069658303318	7.976	0.00431738054320748	0.699289727951653	8	1	FALSE
JBLAB-19321	165	0.149313207383153	1.982	0.488727894844246	0.172720466368386	2	0.87	TRUE
JBLAB-19321	165	0.211585789069106	3.765	0	0.696664237257179	3.8	0.71	FALSE
JBLAB-19322	149	0.11206173283459	1.985	0.743759665747846	0.106177980768306	2	0.76	TRUE
JBLAB-19322	149	0.165685769897578	3.97	0	0.436113078697057	4	0.6	FALSE
JBLAB-19323	156	0.151375751108611	1.782	0.0932055238993457	0.19849587898996	1.8	0.64	TRUE
JBLAB-19324	169	0.206273138674022	5.998	0.00651695725264057	0.628619928555877	6	0.34	FALSE
JBLAB-19324	169	0.207904212567364	4.399	0.00651695725264057	0.34095522357487	4.4	0.41	FALSE
JBLAB-19324	169	0.207926484593866	3.399	0.00977541777620125	0.341358617411279	3.4	0.34	TRUE
JBLAB-19325	88	0.0425105127189961	2.091	0.027048815212441	0.0413722710493007	2.1	0.84	TRUE
JBLAB-19325	88	0.0590077185756692	4.281	0.022721017761951	0.173308508778619	4.3	0.72	FALSE
JBLAB-19325	88	0.0798930287708985	6.372	0.022721017761951	0.380614660745319	6.4	0.64	FALSE
JBLAB-19326	139	0.0936455505794301	1.696	0.0868101611656493	0.0837614652970075	1.7	0.61	FALSE
JBLAB-19326	139	0.117182229391682	4.492	0	0.363325747707568	4.5	0.54	TRUE
JBLAB-19326	139	0.117839595920687	3.492	0.0477455759812761	0.3701749255728	3.5	0.42	FALSE
JBLAB-19328	270	0.168069456037104	3.777	0.117951513110066	0.473745450418643	3.8	0.8	FALSE
JBLAB-19329	201	0.152990790110435	3.764	0.114060978435683	0.447952777407477	3.8	0.78	FALSE
JBLAB-19329	201	0.189249593619051	1.882	1.00156408465658	0.111033177333167	1.9	0.88	FALSE
JBLAB-19330	194	0.151141610099148	3.387	0.0583718666637819	0.367357579271622	3.4	0.65	FALSE
JBLAB-19330	194	0.168103560209417	1.693	2.24897277674399	0.109096761419681	1.7	0.73	TRUE
JBLAB-19331	208	0.0502046679666879	1.602	0.0281147248887529	0.089672772515882	1.6	0.71	TRUE
JBLAB-19331	208	0.0820254181744519	3.305	0.0281147248887529	0.374073563471151	3.3	0.55	FALSE
JBLAB-19332	283	0.116879381702753	2.707	0	0.133689645091647	2.7	0.79	TRUE
JBLAB-19332	283	0.153692190654903	5.314	0	0.478975483638663	5.3	0.71	FALSE
JBLAB-19333	292	0.0874471710373155	3.381	0	0.184399481562461	3.4	0.55	TRUE
JBLAB-19334	310	0.156440402122824	3.196	0.323850222040574	0.212486174526014	3.2	0.63	TRUE
JBLAB-19334	310	0.179500900136108	6.193	0.288957314104674	0.693608891980026	6.2	0.54	FALSE
JBLAB-19335	209	0.0965653790329982	1.993	0.0151332645713671	0.161103801924518	2	0.75	TRUE
JBLAB-19335	209	0.165185187382868	3.888	0.0151332645713671	0.472462071612699	3.9	0.75	FALSE
JBLAB-19336	402	0.213718161027052	6.133	0	0.775153780781455	6.1	0.81	FALSE
JBLAB-19336	402	0.22091210794977	2.864	0	0.226206769930457	2.9	0.74	FALSE
JBLAB-19336	402	0.220919482156177	1.864	4.05113514276647	0.226332489246616	1.9	0.54	FALSE
JBLAB-19336	402	0.225293266891911	3.762	0	0.251661013289094	3.8	1	FALSE
JBLAB-19336	402	0.227094757202388	4.751	0	0.419346835903704	4.8	0.95	FALSE
JBLAB-19337	96	0.0893657193202131	1.895	0.00972009552156947	0.132504413477409	1.9	0.67	TRUE
JBLAB-19337	96	0.118995270850894	3.791	0.00540005706760753	0.482199029477013	3.8	0.54	FALSE
JBLAB-19338	99	0.0906221344543273	3.888	0	0.353937368678824	3.9	1	TRUE
JBLAB-19338	99	0.117877945244948	6.779	0	1.07600683285397	6.8	1	FALSE
JBLAB-19338	99	0.128584055608593	5.78	0	0.983977123558829	5.8	0.74	FALSE
JBLAB-19339	305	0.117112254051829	1.881	0.201906547603391	0.312872442535718	1.9	0.43	FALSE
JBLAB-4101	84	0.148290042856796	1.975	0.211457373237825	0.163645553262891	2	0.61	TRUE
JBLAB-4102	78	0.107355317612108	1.876	0.0161841262735568	0.144924081141017	1.9	0.71	TRUE
JBLAB-4103	104	0.0939737584688091	1.88	0.137040854852456	0.0887807475544779	1.9	0.74	TRUE
JBLAB-4103	104	0.147570144930757	4.757	0.00539527894176621	0.402203869991352	4.8	0.73	FALSE
JBLAB-4104	49	0.0455140508541233	2.488	0.00545883655679156	0.156697676710135	2.5	0.81	TRUE
JBLAB-4104	49	0.0945190118058845	4.878	0.00545883655679156	0.524403136089943	4.9	0.79	FALSE
JBLAB-4105	57	0.047285112594704	4.883	0.00545979031033947	0.49907282820983	4.9	0.65	TRUE
JBLAB-4105	57	0.0531676717638483	2.491	0.00545979031033947	0.131164162048488	2.5	0.78	FALSE
JBLAB-4105	57	0.116447030692604	3.885	0.00545979031033947	0.418225068019906	3.9	0.56	FALSE
JBLAB-4106	262	0.110470122120634	2.678	0.0549280127693821	0.391558176765722	2.7	0.56	TRUE
JBLAB-4108	210	0.0547200309886937	1.901	0.00657451389627841	0.0935889656280059	1.9	0.89	TRUE
JBLAB-4108	210	0.0961371875524883	3.701	0.00657451389627841	0.352838014915001	3.7	0.81	FALSE
JBLAB-4108	210	0.134161958369863	5.602	0.00657451389627841	0.733128311919544	5.6	0.83	FALSE
JBLAB-4109	178	0.0531084905601078	1.884	0.00648645086651829	0.166738626456882	1.9	0.8	TRUE
JBLAB-4109	178	0.0984962737253239	3.769	0.00648645086651829	0.67540223046787	3.8	0.66	FALSE
JBLAB-4110	138	0.211507925021733	1.687	3.41381971096581	0.144391205363823	1.7	0.72	FALSE
JBLAB-4111	92	0.0265963773076323	3.895	0	0.269562055196833	3.9	0.87	FALSE
JBLAB-4111	92	0.0267404194652627	2.895	0.00324756080178675	0.274007753549433	2.9	0.6	FALSE
JBLAB-4111	92	0.0438070052208366	1.895	12.9719838101608	0.242393125357688	1.9	0.49	FALSE
JBLAB-4111	92	0.0533256163321331	5.893	0	0.626264605793683	5.9	0.8	FALSE
JBLAB-4111	92	0.0535603289928544	4.893	0	0.627982516400379	4.9	0.57	FALSE
JBLAB-4111	92	0.0664778564866233	7.791	0	1.01631079242745	7.8	0.85	FALSE
JBLAB-4112	124	0.0494454367563091	1.791	0	0.177063835080513	1.8	0.78	TRUE
JBLAB-4113	389	0.0893094133303421	2.09	0.0206041410975235	0.194872923370879	2.1	0.58	TRUE
JBLAB-4114	33	0.0132001343846555	1.991	0.00539603575007885	0.0707094287220913	2	1	FALSE
JBLAB-4114	33	0.0197820414313621	2.986	0.00539603575007885	0.159096214624705	3	1	FALSE
JBLAB-4114	33	0.0263428065780581	3.982	0.00539603575007885	0.282837714888365	4	1	FALSE
JBLAB-4115	262	0.124777367392687	3.176	0	0.34005474458394	3.2	0.69	TRUE
JBLAB-4116	344	0.15493828537326	3.172	0.0757796564177129	0.447107386454627	3.2	0.49	TRUE
JBLAB-4118	133	0.247042489966854	1.896	1.23688906925575	0.177559839536331	1.9	0.78	FALSE
JBLAB-4120	386	0.0607995464023095	1.992	0.117029770971935	0.0726313518370081	2	0.81	TRUE
JBLAB-4120	386	0.0779332125716076	3.885	0.117029770971935	0.274318030418047	3.9	0.69	FALSE
JBLAB-4120	386	0.112256878923375	6.877	0	0.636540409264178	6.9	0.83	FALSE
JBLAB-4120	386	0.112501526846827	5.877	0.117029770971935	0.633095221736816	5.9	0.59	FALSE
JBLAB-4121	78	0.0794644190947734	3.487	0.0151422302432487	0.368066921477718	3.5	0.67	FALSE
JBLAB-4121	78	0.116133027047628	1.793	0.0194685765908645	0.102263362724338	1.8	0.78	TRUE
JBLAB-4122	300	0.180281819761216	2.803	0.0769812950339122	0.255962561709078	2.8	0.5	FALSE
JBLAB-4122	300	0.191954566401906	3.904	0.0613619460343716	0.310869050920332	3.9	0.59	FALSE
JBLAB-4123	466	0.129307729310367	2.6	0.264965479400252	0.249670363534483	2.6	0.61	TRUE
JBLAB-4127	104	0.0431754488595215	1.99	0.0054132114136421	0.105305397274687	2	0.61	TRUE
JBLAB-4127	104	0.0821422867842176	3.979	0	0.41969126669736	4	0.44	FALSE
JBLAB-4128	239	0.160974271056815	3.587	0	0.269075641057296	3.6	0.82	FALSE
JBLAB-4128	239	0.163182985865684	1.892	0	0.0858131550059567	1.9	0.84	TRUE
JBLAB-4129	242	0.16412535968645	3.058	0.306468459404919	0.380931529485758	3.1	0.51	FALSE
JBLAB-4136	224	0.152438452752514	2.673	0.00540940492969772	0.288661262222098	2.7	1	TRUE
JBLAB-4136	224	0.1891197083197	4.251	0.00540940492969772	0.9909924992927	4.3	0.74	FALSE
JBLAB-4139	149	0.139626969183295	2.878	0.0152373238245813	0.244335372430712	2.9	0.64	TRUE
JBLAB-4141	529	0.0663198923199236	2.08	0.0413280556054181	0.121214612124796	2.1	0.72	TRUE
JBLAB-4141	529	0.119735369818528	4.161	0.0326274256763527	0.477008208633817	4.2	0.57	FALSE
JBLAB-4141	529	0.126354743229704	5.259	0	0.527392726312088	5.3	0.74	FALSE
JBLAB-4142	185	0.0711354596073394	1.981	0.18611266845957	0.247651538781547	2	0.53	FALSE
JBLAB-4143	525	0.138993769759061	2.696	0.13254091084553	0.0764463656042995	2.7	0.91	TRUE
JBLAB-4144	116	0.0398788566098862	1.895	0.00987759100982295	0.100656256807339	1.9	0.79	TRUE
JBLAB-4144	116	0.0510879150272601	3.689	0.00987759100982295	0.396309847753933	3.7	0.64	FALSE
JBLAB-4147	228	0.0926740081542333	1.883	0.761676110611305	0.147211083008038	1.9	0.58	TRUE
JBLAB-4147	228	0.156235750614998	3.768	0.0475371783901716	0.528717297079627	3.8	0.44	FALSE
JBLAB-4148	317	0.180067198432489	3.265	0.0943599891222403	0.346830203722544	3.3	0.65	TRUE
JBLAB-4149	462	0.190450127285412	2.98	0.0270600165613949	0.317543629536846	3	0.73	TRUE
JBLAB-4150	490	0.161067877748142	3.078	0.0324797329129249	0.309207751834788	3.1	0.7	TRUE
JBLAB-4151	66	0.0585193811855086	2.793	0	0.172917265778706	2.8	0.66	TRUE
JBLAB-4152	128	0.0518598556755794	3.51	0.00544872379053392	0.252368678506202	3.5	0.66	TRUE
JBLAB-4153	91	0.169966389574348	1.699	2.22918154703592	0.129320060051712	1.7	0.59	FALSE
JBLAB-4154	107	0.183627897756371	1.693	2.15059653379022	0.134629351810753	1.7	0.56	FALSE
JBLAB-4155	193	0.180279528915246	2.291	0.0152904117340358	0.208222216565346	2.3	0.66	FALSE
JBLAB-4157	212	0.051502152584323	1.688	0.0238174441819579	0.166000417565083	1.7	0.61	TRUE
JBLAB-4159	203	0.164994762932562	2.994	0	0.261278556095517	3	0.86	FALSE
JBLAB-4159	203	0.210572150260117	1.895	7.59886034953403	0.164621408297371	1.9	0.73	TRUE
JBLAB-4160	192	0.162065695989741	2.565	0.476401647003943	0.222493593522737	2.6	0.76	FALSE
JBLAB-4161	155	0.213555209222705	3.193	0	0.264328938854293	3.2	0.64	FALSE
JBLAB-4163	158	0.0539074202195095	1.88	0.0108510575236436	0.123936911852174	1.9	0.8	TRUE
JBLAB-4163	158	0.11492251953533	3.762	0.00759574388360589	0.458647877658264	3.8	0.71	FALSE
JBLAB-4165	158	0.0413884661671933	1.894	0	0.0792388735247199	1.9	0.94	TRUE
JBLAB-4165	158	0.0682817250429891	3.789	0	0.315686209985864	3.8	0.89	FALSE
JBLAB-4165	158	0.0978813312199266	5.683	0	0.706124230153515	5.7	0.85	FALSE
JBLAB-4165	158	0.117985182047336	7.578	0	1.22760216762398	7.6	0.84	FALSE
JBLAB-4166	129	0.0271130985391615	1.894	0	0.0815769888992335	1.9	0.96	TRUE
JBLAB-4166	129	0.0500309053159883	3.789	0	0.327501254859516	3.8	0.92	FALSE
JBLAB-4166	129	0.0726649535661222	5.684	0	0.715535647610048	5.7	0.92	FALSE
JBLAB-4171	253	0.206120627564763	4.941	0	0.826333623788785	4.9	0.86	FALSE
JBLAB-4171	253	0.206141138728025	3.941	0.620107852853468	0.828741003791941	3.9	0.6	FALSE
JBLAB-4171	253	0.217789520592633	7.891	0	2.82458472298318	7.9	0.52	FALSE
JBLAB-4173	208	0.0477946451762501	1.792	0.182010912677324	0.0703859976181683	1.8	0.92	TRUE
JBLAB-4173	208	0.0866905894193944	3.584	0.156009343405323	0.286288697186772	3.6	0.84	FALSE
JBLAB-4173	208	0.11031719882134	5.475	0.156009343405323	0.67916435676193	5.5	0.76	FALSE
JBLAB-4174	351	0.156290921301788	2.795	0.0054986993401677	0.127706837360367	2.8	0.89	TRUE
JBLAB-4174	351	0.188248906113682	5.49	0.0054986993401677	0.466759689151736	5.5	0.86	FALSE
JBLAB-4175	228	0.125191422741107	2.775	0.00542431092237141	0.160345656745959	2.8	0.9	TRUE
JBLAB-4175	228	0.164698663370336	5.552	0.00542431092237141	0.616405276601893	5.6	0.86	FALSE
JBLAB-4175	228	0.178467656209851	6.645	0	0.788050442038027	6.6	1	FALSE
JBLAB-4177	305	0.0863901447193404	2.968	0.00547725524562468	0.368810625359882	3	0.4	TRUE
JBLAB-4178	254	0.0966635681934714	2.575	0.246942714533546	0.229333280278926	2.6	0.69	TRUE
JBLAB-4179	229	0.099751102645833	1.89	0.0334595831803346	0.0676353547195113	1.9	0.88	TRUE
JBLAB-4179	229	0.140415609215389	3.879	0	0.281380099862339	3.9	0.79	FALSE
JBLAB-4179	229	0.154926377856605	5.769	0	0.651080566953813	5.8	0.68	FALSE
JBLAB-4183	389	0.181328082388018	3.37	0.0283656669700504	0.351944017365772	3.4	0.68	FALSE
JBLAB-4183	389	0.18310960467679	2.371	1.30918565323777	0.33670545854071	2.4	0.52	TRUE
JBLAB-4186	236	0.15867829679909	3.179	0.0130792326396575	0.289724680835961	3.2	0.57	TRUE
JBLAB-4187	233	0.177736475226059	3.184	0.0108905645478939	0.262506273581618	3.2	0.64	TRUE
JBLAB-4188	175	0.166646665909627	3.066	0.00971348662761822	0.481000306258173	3.1	0.75	FALSE
JBLAB-4188	175	0.210864127364509	1.581	1.08468045625628	0.154049739094409	1.6	0.79	TRUE
JBLAB-4189	209	0.142263079925891	3.081	0.00976449388477061	0.376887390791887	3.1	0.64	TRUE
JBLAB-4191	219	0.101506069912557	1.974	1.13592174835761	0.298171940078994	2	0.45	TRUE
JBLAB-4193	178	0.0702886159665482	2.991	0.021623618820211	0.182479526824996	3	0.65	TRUE
JBLAB-4193	178	0.126106014818515	6.983	0.00540589569516653	0.74285847896123	7	0.62	FALSE
JBLAB-4195	338	0.0867923406047676	1.785	0	0.0765872077801524	1.8	0.94	TRUE
JBLAB-4195	338	0.134432729773959	3.669	0	0.343256374546749	3.7	0.84	FALSE
JBLAB-4196	356	0.125660836977918	1.797	0.0362190903847266	0.0910657111685691	1.8	0.89	TRUE
JBLAB-4196	356	0.155689090359912	3.693	0.00329261464723667	0.40128251388136	3.7	0.77	FALSE
JBLAB-4196	356	0.165223489130798	5.59	0.00329261464723667	0.942235697058025	5.6	0.67	FALSE
JBLAB-4197	264	0.14921383774439	1.767	0.288209171636468	0.390647541155112	1.8	0.68	FALSE
JBLAB-4199	461	0.152317711867445	2.999	0.0313323517453269	0.228263944662956	3	0.87	TRUE
JBLAB-4199	461	0.200689943088337	5.898	0.0313323517453269	0.812965023321804	5.9	0.86	FALSE
JBLAB-4200	171	0.102524185696424	3.403	0	0.321883687736625	3.4	0.82	TRUE
JBLAB-4200	171	0.167457013164577	6.706	0	1.1968448132815	6.7	0.74	FALSE
JBLAB-4208	90	0.0620724377052091	2.863	0	0.722707989158406	2.9	0.66	TRUE
JBLAB-4210	45	0.0605775182347301	1.987	0	0.085612009412372	2	1	FALSE
JBLAB-4210	45	0.0903582925880129	2.981	0	0.192627021177837	3	1	FALSE
JBLAB-4210	45	0.119471238948443	3.975	0	0.342448037649488	4	1	FALSE
JBLAB-4210	45	0.148484259475124	4.968	0	0.535075058827325	5	1	FALSE
JBLAB-4211	132	0.17869336710436	1.69	0.0939573455738681	0.144285391852936	1.7	0.7	FALSE
JBLAB-4212	269	0.127329727810331	2.275	2.65454010571485	0.326853944128518	2.3	0.44	TRUE
JBLAB-4212	269	0.127452315149501	3.275	0	0.330367532906811	3.3	0.56	FALSE
JBLAB-4213	400	0.0903113724213873	2.686	0.0142751328545844	0.140231864291701	2.7	0.83	TRUE
JBLAB-4213	400	0.144885162479479	5.371	0.0142751328545844	0.575318243571996	5.4	0.69	FALSE
JBLAB-4216	171	0.147631524470868	2.96	0.00540887816418512	0.293810129760455	3	0.93	FALSE
JBLAB-4216	171	0.173222264569338	1.967	0.0118995391730929	0.194611368826135	2	0.78	FALSE
JBLAB-4217	137	0.0560541323442179	1.881	0.00431705451817188	0.188218527720477	1.9	0.76	TRUE
JBLAB-4218	333	0.0745874292285748	2.792	0.162294990285608	0.150691938961003	2.8	0.67	TRUE
JBLAB-4218	333	0.1159582214974	5.584	0.153581187965659	0.595056183888143	5.6	0.51	FALSE
JBLAB-4218	333	0.11603348727545	6.584	0.00544611283459523	0.598162710502146	6.6	0.68	FALSE
JBLAB-4219	191	0.227696600820965	1.584	2.10284183109461	0.165114422500744	1.6	0.68	FALSE
JBLAB-4220	153	0.181777535824781	3.153	0.0129955208482926	0.569658628679762	3.2	0.51	FALSE
JBLAB-4222	179	0.214731602813504	1.796	2.83263191703226	0.157771965382417	1.8	0.69	FALSE
JBLAB-4223	308	0.0930855827400791	3.481	0.00972454339328693	0.359561478118325	3.5	0.85	TRUE
JBLAB-4224	193	0.217474481592846	1.585	4.0735972216048	0.145651701011362	1.6	0.65	FALSE
JBLAB-4229	115	0.211571368658604	1.691	0.780422552491566	0.104588446319016	1.7	0.88	FALSE
JBLAB-4229	115	0.21836476898114	2.387	0.642893558303502	0.212153656628553	2.4	0.83	FALSE
JBLAB-4236	205	0.0938153743428968	2.88	0.00977807305523746	0.223541030913977	2.9	0.78	TRUE
JBLAB-4238	296	0.12966944508593	2.883	0.0325707092985803	0.18645634172022	2.9	0.72	TRUE
JBLAB-4240	111	0.212777326347779	2.674	0.00866806836351132	0.283661686297863	2.7	0.99	FALSE
JBLAB-4240	111	0.242592793031228	1.981	0.00866806836351132	0.153341022207338	2	1	FALSE
JBLAB-4241	120	0.218176882856899	1.776	2.8873352649001	0.206100639728161	1.8	0.74	FALSE
JBLAB-4244	26	0.218582292834441	1.977	0.00540186550722	0.178278050753817	2	0.96	FALSE
JBLAB-4245	296	0.0761733090397752	1.891	0.0648688632780445	0.136052888308557	1.9	0.87	TRUE
JBLAB-4245	296	0.14366095286603	3.881	0.0648688632780445	0.586833578385282	3.9	0.75	FALSE
JBLAB-4246	349	0.247038665774909	1.584	10.1387321221891	0.137813510676262	1.6	0.8	FALSE
JBLAB-4249	143	0.0891600130071142	2.893	0.018592407232356	0.210694666582245	2.9	0.67	FALSE
JBLAB-4251	196	0.0756307298969462	3.197	0	0.280594510989384	3.2	0.77	TRUE
JBLAB-4253	310	0.135376902991676	3.985	0	0.360322973850551	4	0.61	TRUE
JBLAB-4254	218	0.128692772939118	2.781	0.280635048869523	0.444673060724248	2.8	0.73	TRUE
JBLAB-4258	194	0.195846732008973	2.567	0	0.346490543179145	2.6	0.59	FALSE
JBLAB-4258	194	0.20893713159918	1.572	2.00975190721163	0.237566211804827	1.6	0.54	FALSE
JBLAB-4260	233	0.185187496605206	6.265	0.00655805790360604	0.93356320004579	6.3	0.62	FALSE
JBLAB-4260	233	0.198534056002558	4.476	0.00655805790360604	0.452537728736363	4.5	0.73	FALSE
JBLAB-4260	233	0.198713539880755	3.476	0.259044617028235	0.446336860436884	3.5	0.54	FALSE
JBLAB-4263	309	0.168915242518513	3.284	0.0561632905103513	0.392251559855754	3.3	0.57	TRUE
JBLAB-4264	283	0.154771953632313	3.285	0.0551905215041132	0.342795609591364	3.3	0.72	FALSE
JBLAB-4264	283	0.189974698283784	1.592	0.775914746568216	0.0882604489453034	1.6	0.81	TRUE
JBLAB-4264	283	0.192081092615903	4.482	0.048697542315122	0.491130926702094	4.5	0.84	FALSE
JBLAB-4265	293	0.186322886201313	3.381	0.0561869575653638	0.37698018469026	3.4	0.75	FALSE
JBLAB-4265	293	0.195661577753439	1.689	0.260405042536009	0.131595623093796	1.7	0.74	FALSE
JBLAB-4267	188	0.23483619847034	1.775	0.317543297468069	0.229142214639302	1.8	0.74	FALSE
JBLAB-4269	342	0.20185097787859	1.688	1.22365099934733	0.146779585150638	1.7	0.72	FALSE
JBLAB-4270	271	0.231440146266175	1.683	10.4953302902267	0.165869254046551	1.7	0.68	FALSE
JBLAB-4271	152	0.0370504857587314	1.993	0	0.0503780650399023	2	1	FALSE
JBLAB-4271	152	0.0540634309415572	2.989	0	0.11335064633978	3	1	FALSE
JBLAB-4271	152	0.0692304286069146	3.985	0	0.201512260159609	4	1	FALSE
JBLAB-4271	152	0.0822066375946257	4.981	0	0.314862906499389	5	1	FALSE
JBLAB-4271	152	0.0938841502773422	5.978	0	0.45340258535912	6	1	FALSE
JBLAB-4271	152	0.104903743002073	6.974	0	0.617131296738803	7	1	FALSE
JBLAB-4274	143	0.0402922979521073	2.665	0.0314651999130268	0.285851856870215	2.7	0.57	FALSE
JBLAB-4274	143	0.147587891206892	1.672	2.39570297567244	0.179629222988839	1.7	0.55	TRUE
JBLAB-4275	129	0.0587255016242551	2.772	0.00972387634537304	0.227443434431891	2.8	0.72	TRUE
JBLAB-4276	208	0.198228217616724	1.577	2.82934100686695	0.170118844292852	1.6	0.65	FALSE
JBLAB-4277	224	0.125764417774104	2.074	0	0.231910789383067	2.1	0.8	TRUE
JBLAB-4278	141	0.134084485082964	1.978	0	0.270211214409346	2	0.82	TRUE
JBLAB-4279	142	0.222446186287195	1.59	2.80946856521887	0.145954333578156	1.6	0.76	FALSE
JBLAB-4280	210	0.182212162202165	1.981	0.377024376971681	0.230110632488602	2	0.72	FALSE
JBLAB-4282	159	0.0407644563570278	2.077	0.13384421583508	0.101907465209646	2.1	0.9	TRUE
JBLAB-4282	159	0.0776695643514289	4.155	0.13384421583508	0.411975564256499	4.2	0.81	FALSE
JBLAB-4282	159	0.132792824028461	6.138	0.13384421583508	0.756631919253676	6.1	0.94	FALSE
JBLAB-4284	221	0.154251448245028	2.384	0.0866737519519318	0.428606736912939	2.4	0.51	FALSE
JBLAB-4285	184	0.163466912695718	2.863	0.00540209926746556	0.254124014444463	2.9	0.9	FALSE
JBLAB-4285	184	0.208710428461235	1.87	3.31907141287766	0.167070986605321	1.9	0.76	TRUE
JBLAB-4287	481	0.152334157400149	3.392	0.0306981744566831	0.19616040925451	3.4	0.65	TRUE
JBLAB-4289	230	0.118026872931638	3.199	0.0327067461524253	0.19796472168055	3.2	0.64	FALSE
JBLAB-4289	230	0.125823152315495	6.398	0.0327067461524253	0.776674984264459	6.4	0.48	TRUE
JBLAB-4290	188	0.0577513149144536	1.904	0.00870346857717727	0.101654698448826	1.9	0.89	TRUE
JBLAB-4290	188	0.0892011711621294	3.708	0.00870346857717727	0.388941850700712	3.7	0.8	FALSE
JBLAB-4290	188	0.117555915989965	5.611	0.00870346857717727	0.875870178128361	5.6	0.74	FALSE
JBLAB-4291	444	0.201202030339911	1.887	5.03509361496356	0.24309170484301	1.9	0.47	FALSE
JBLAB-4291	444	0.201213005671081	2.887	0.0221760748393809	0.239650903142385	2.9	0.62	FALSE
JBLAB-4292	324	0.196039425977257	3.876	0	0.38445619188045	3.9	0.91	FALSE
JBLAB-4292	324	0.196178938636333	2.876	0.0221512667526915	0.380115444842291	2.9	0.63	FALSE
JBLAB-4292	324	0.201685811946309	4.971	0	0.572380574798384	5	1	FALSE
JBLAB-4295	119	0.0591671101486649	2.881	0	0.315529389388889	2.9	0.6	TRUE
JBLAB-4296	66	0.191492267208084	1.98	0	0.163672048043967	2	1	FALSE
JBLAB-4297	277	0.233681373924478	1.973	0	0.182444588560641	2	1	FALSE
JBLAB-4299	379	0.0938026010805804	2.379	0.164782386271962	0.24157695545552	2.4	0.56	TRUE
JBLAB-4900	344	0.140672530972477	2.276	0.165604385962815	0.233151641971488	2.3	0.6	TRUE
JBLAB-4903	133	0.0454884673394584	1.797	0.108527500770713	0.0947393326410531	1.8	0.58	TRUE
JBLAB-4903	133	0.0788113700055377	4.593	0.00328868003251972	0.381881525655136	4.6	0.51	FALSE
JBLAB-4903	133	0.0790555424884168	3.594	0.00328868003251972	0.376801774454555	3.6	0.41	FALSE
JBLAB-4904	245	0.177756391391453	4.868	0	0.635933415005147	4.9	0.84	FALSE
JBLAB-4904	245	0.189335420486833	2.982	0	0.205224710696029	3	1	FALSE
JBLAB-4904	245	0.18977809131864	1.982	0.349707624602797	0.209391603607825	2	0.66	FALSE
JBLAB-4904	245	0.200094334818042	3.772	0	0.494568284669641	3.8	0.7	FALSE
JBLAB-4908	363	0.131555449811284	2.904	0.0120883717921956	0.19799100945004	2.9	0.71	TRUE
JBLAB-4909	228	0.217418058260105	4.365	0	1.09812140569064	4.4	0.45	FALSE
JBLAB-4912	120	0.179745295025905	2.879	0.0205972871055972	0.303668506469329	2.9	0.53	FALSE
JBLAB-4913	239	0.16617531208701	2.876	0.00885271618909527	0.223445363695713	2.9	0.61	TRUE
JBLAB-4914	299	0.159036652705898	2.776	0.00553871835287657	0.149730423157155	2.8	0.68	TRUE
JBLAB-4915	88	0.103089658207588	3.174	0.0152959605165851	0.196396660312069	3.2	0.6	TRUE
JBLAB-4916	66	0.0673008516447249	1.994	0	0.0446178205100087	2	1	FALSE
JBLAB-4916	66	0.0997549119198115	2.991	0	0.10039009614752	3	1	FALSE
JBLAB-4916	66	0.131857246652443	3.989	0	0.178471282040035	4	1	FALSE
JBLAB-4916	66	0.161004484520685	4.986	0	0.278861378187554	5	1	FALSE
JBLAB-4918	177	0.167401779155374	3.371	0.00655003935844085	0.450934402545304	3.4	0.74	FALSE
JBLAB-4918	177	0.215903758488916	2.276	1.97266422463904	0.305503092291267	2.3	0.65	TRUE
JBLAB-4919	300	0.174340049599895	3.251	0.113553856715065	0.5290941408243	3.3	0.88	FALSE
JBLAB-4919	300	0.187777201577623	6.598	0.113553856715065	2.29428363378549	6.6	0.73	FALSE
JBLAB-4920	413	0.120061931173354	3.092	0.0488220987478323	0.166801151670014	3.1	0.71	TRUE
JBLAB-4920	413	0.160136113259187	6.184	0.00554793718632612	0.646076818133313	6.2	0.57	FALSE
JBLAB-4920	413	0.160139580487231	7.184	0.00554793718632612	0.649916613511612	7.2	0.79	FALSE
JBLAB-4921	145	0.094858703191385	3.682	0.00546390729956127	0.402173254635893	3.7	0.64	FALSE
JBLAB-4921	145	0.124166486156836	1.791	0.0273195729240978	0.0992888529347884	1.8	0.77	TRUE
JBLAB-4921	145	0.130501950289804	4.78	0.00546390729956127	0.474153969791778	4.8	0.82	FALSE
JBLAB-4922	44	0.0182170694194591	1.994	0	0.0502883295131896	2	1	FALSE
JBLAB-4922	44	0.0273424519343504	2.99	0	0.113148741404677	3	1	FALSE
JBLAB-4922	44	0.0363413810611432	3.987	0	0.201153318052758	4	1	FALSE
JBLAB-4922	44	0.0445578423751427	4.984	0	0.314302059457435	5	1	FALSE
JBLAB-4922	44	0.0524189849679985	5.981	0	0.452594965618706	6	1	FALSE
JBLAB-4922	44	0.0601150676821293	6.978	0	0.616032036536572	7	1	FALSE
JBLAB-4922	44	0.0678412117439702	7.974	0	0.804613272211033	8	1	FALSE
JBLAB-4923	113	0.0426008171176811	1.886	0.270361107992778	0.248842282654026	1.9	0.56	FALSE
JBLAB-4923	113	0.0426088693158602	2.886	0	0.247793091105218	2.9	0.78	FALSE
JBLAB-4923	113	0.0599232154502225	3.884	0	0.314077570897423	3.9	1	FALSE
JBLAB-4923	113	0.0719151681270904	6.773	0	0.972278914341281	6.8	0.97	FALSE
JBLAB-4923	113	0.0838033152978195	5.775	0	0.836338423094039	5.8	0.78	FALSE
JBLAB-4923	113	0.106062147009759	4.777	0	0.691075729240201	4.8	0.67	FALSE
JBLAB-4927	140	0.0407439461493088	1.796	0.142323026641325	0.11261142373876	1.8	0.69	TRUE
JBLAB-4928	115	0.126379825220962	4.974	0.00545306177891036	0.533975556525785	5	1	FALSE
JBLAB-4929	148	0.129839846629403	5.991	0.00540665556499384	0.994393310877902	6	0.83	FALSE
JBLAB-4929	148	0.143761201336413	4.993	0.00540665556499384	0.605105531566039	5	1	FALSE
JBLAB-4932	260	0.106547625034503	3.095	0.00555774215056873	0.361407147423399	3.1	0.54	TRUE
JBLAB-4933	132	0.0784978651326465	2.082	0.0162148818072738	0.17208745089503	2.1	0.57	TRUE
JBLAB-4936	93	0.0961221073093146	1.779	0.0141118027060054	0.15778083640234	1.8	0.65	TRUE
JBLAB-4938	319	0.15345686308305	5.183	0	0.492533493392726	5.2	0.82	FALSE
JBLAB-4938	319	0.153514181450111	4.183	0	0.494150935448347	4.2	0.58	TRUE
JBLAB-4938	319	0.188799302727829	6.181	0	0.59540325120317	6.2	1	FALSE
JBLAB-4939	324	0.102268928118694	1.993	0.0515214259014229	0.0870061937819732	2	0.83	TRUE
JBLAB-4939	324	0.133687418134908	3.987	0.0515214259014229	0.353515221082857	4	0.7	FALSE
JBLAB-4940	221	0.0982243884295108	4.156	0	0.59669883994447	4.2	0.97	FALSE
JBLAB-4940	221	0.113017536352954	3.159	0.0432866952959407	0.519802964351193	3.2	0.72	TRUE
JBLAB-4940	221	0.203277114676369	2.166	4.44555061934943	0.352768835170616	2.2	0.65	FALSE
JBLAB-4941	225	0.100736330180745	3.153	0.0458614727811135	0.496975269748691	3.2	0.68	FALSE
JBLAB-4941	225	0.166334530595873	2.161	4.52718931302963	0.340104946524622	2.2	0.62	TRUE
JBLAB-4944	401	0.151697148451411	1.675	1.23391183160341	0.164579680785361	1.7	0.76	FALSE
JBLAB-4944	401	0.153883138740704	4.254	0	0.559774197818792	4.3	1	FALSE
JBLAB-4944	401	0.181619904042288	2.77	0.0997538464879383	0.2373515257382	2.8	1	FALSE
JBLAB-4944	401	0.185305062883952	3.259	0.109512306198993	0.437162759140257	3.3	0.8	FALSE
JBLAB-4945	134	0.0545961762124265	1.695	0.00883082616129296	0.0715360657483454	1.7	0.81	TRUE
JBLAB-4945	134	0.104511036891104	3.39	0.00883082616129296	0.280928421115276	3.4	0.69	FALSE
JBLAB-4945	134	0.129526220696957	5.085	0.00883082616129296	0.629250653170982	5.1	0.6	FALSE
JBLAB-4950	201	0.172114813383317	3.999	0.00551015201049895	0.383607560817016	4	0.56	FALSE
JBLAB-4951	126	0.067983301441236	2.792	0.0552839199451402	0.292221160163882	2.8	0.47	TRUE
JBLAB-4952	152	0.178106945660441	3.776	0	0.41235071263144	3.8	0.75	FALSE
JBLAB-4952	152	0.202366063980987	2.679	0.856065063183327	0.294832898356107	2.7	0.65	FALSE
JBLAB-4953	186	0.142280463374474	3.073	0.0120431081039721	0.27733659659254	3.1	0.55	TRUE
JBLAB-4953	186	0.165211140955064	4.17	0.0065689713743928	0.350555132180575	4.2	0.64	FALSE
JBLAB-4955	222	0.11907503135258	2.309	0.00550669296037572	0.144759896055623	2.3	0.61	TRUE
JBLAB-4956	155	0.0696712924208051	1.795	0.0183820470688456	0.113563170613889	1.8	0.77	TRUE
JBLAB-4956	155	0.11119830236493	3.689	0.0183820470688456	0.433699171209639	3.7	0.67	FALSE
JBLAB-4957	186	0.0451896593683424	2.699	0.0108242326544018	0.138017419735322	2.7	0.73	FALSE
JBLAB-4957	186	0.0451972006255268	1.7	0.353953190754377	0.135141798146595	1.7	0.54	TRUE
JBLAB-4957	186	0.0600202467652106	3.699	0	0.159694385239314	3.7	1	FALSE
JBLAB-4957	186	0.0854470354913821	6.399	0	0.550415180935542	6.4	0.81	FALSE
JBLAB-4957	186	0.0854678353436478	5.399	0.0108242326544018	0.547077295441496	5.4	0.58	FALSE
JBLAB-4958	95	0.199390235743686	3.188	0.0197439504337005	0.336349411446556	3.2	0.49	FALSE
JBLAB-4960	148	0.0559134743225404	2.697	0.0129565133534031	0.158418240983935	2.7	0.6	TRUE
JBLAB-4960	148	0.115499011163406	5.394	0.00539854123216548	0.545091885226254	5.4	0.49	FALSE
JBLAB-4962	261	0.0774980983281735	1.785	0.0895585857633577	0.126123623168913	1.8	0.71	TRUE
JBLAB-4962	261	0.110538340158042	3.47	0.00873736794832279	0.473677049060879	3.5	0.56	FALSE
JBLAB-4962	261	0.11059575792167	4.47	0	0.472309523107945	4.5	0.78	FALSE
JBLAB-4964	127	0.136903173580269	1.977	0.00654803769929819	0.241069124661315	2	0.5	FALSE
JBLAB-4965	333	0.134550536405892	3.487	0.0360698415515371	0.19196804352488	3.5	0.78	TRUE
JBLAB-4965	333	0.161642184666883	4.486	0.0360698415515371	0.235355660125076	4.5	1	FALSE
JBLAB-4966	210	0.124250979450399	2.057	0.0507448393638582	0.321365506791809	2.1	0.77	FALSE
JBLAB-4967	226	0.102612345148719	3.697	0	0.323132981737073	3.7	0.77	FALSE
JBLAB-4969	189	0.178673846030156	2.602	0.0108197101172238	0.267679129475619	2.6	0.39	TRUE
JBLAB-4970	379	0.153855770319902	2.793	0.0702049361702168	0.32227655118299	2.8	0.72	TRUE
JBLAB-4971	513	0.136984364526841	3.19	0	0.187465784534097	3.2	0.58	TRUE
JBLAB-4972	182	0.11600873704319	2.99	0.0109497120180626	0.296856319678554	3	0.46	TRUE
JBLAB-4972	182	0.133347621502091	4.188	0.0109497120180626	0.40957818675843	4.2	0.49	FALSE
JBLAB-4973	151	0.0412441029785328	3.168	0.00545865797069677	0.268402782393264	3.2	0.59	TRUE
JBLAB-4974	190	0.169400117957589	1.772	0.161353528214052	0.253808852026832	1.8	0.74	FALSE
JBLAB-4975	235	0.0579784299070241	1.888	0.0195337227758334	0.125899046573849	1.9	0.82	TRUE
JBLAB-4975	235	0.0874360716658407	3.776	0.0195337227758334	0.50801996458766	3.8	0.69	FALSE
JBLAB-4976	127	0.048148923926974	1.791	0.0444222232966479	0.133812385343219	1.8	0.81	TRUE
JBLAB-4976	127	0.0862109652061434	3.683	0.00433384637485138	0.503748837180776	3.7	0.74	FALSE
JBLAB-4977	116	0.0616726735033289	2.796	0.0043344568710008	0.13654207169237	2.8	0.89	TRUE
JBLAB-4977	116	0.0617197356807082	1.796	0.0043344568710008	0.134632347975347	1.8	0.62	FALSE
JBLAB-4977	116	0.0952530116804018	5.692	0	0.507366930218636	5.7	0.92	FALSE
JBLAB-4977	116	0.0953088551399363	4.692	0.0043344568710008	0.49895225554214	4.7	0.64	FALSE
JBLAB-4977	116	0.112587451543209	3.795	0	0.21234122772653	3.8	1	FALSE
JBLAB-4977	116	0.115657878265556	6.591	0	0.640552900260918	6.6	1	FALSE
JBLAB-4978	102	0.0636234122501044	1.79	0.00325030529066399	0.18820918644491	1.8	0.67	TRUE
JBLAB-4979	141	0.0670472598574707	1.794	0	0.130558040518474	1.8	0.67	TRUE
JBLAB-4979	141	0.12165614280782	3.688	0	0.456668056073068	3.7	0.57	FALSE
JBLAB-4980	209	0.132199226008521	2.8	0.00547198004671053	0.190319433112427	2.8	0.73	FALSE
JBLAB-4980	209	0.134699334784515	1.8	4.1806201887297	0.179366802571948	1.8	0.55	TRUE
JBLAB-4980	209	0.139632642738425	3.9	0	0.231032485877663	3.9	1	FALSE
JBLAB-4981	212	0.108071365516166	2.996	0.0259697038740382	0.339492550599253	3	0.42	TRUE
JBLAB-4981	212	0.126789969339384	4.096	0.00432826594441464	0.380502722029849	4.1	0.5	FALSE
JBLAB-4982	185	0.14888455229249	1.893	0.0199998902592517	0.0855256348035116	1.9	0.68	FALSE
JBLAB-4982	185	0.177807474235194	4.786	0.00555551889917444	0.320813020938147	4.8	0.74	FALSE
JBLAB-4982	185	0.177823166810398	3.786	0.00555551889917444	0.320929750255113	3.8	0.54	FALSE
JBLAB-4985	171	0.0854127810148721	2.985	0.0108950731656416	0.0876311756041978	3	0.8	TRUE
JBLAB-4985	171	0.1305265065062	5.97	0.00653705116281551	0.332427217993465	6	0.71	FALSE
JBLAB-4986	325	0.120669240362446	3.163	0.0119892909187919	0.15615820541498	3.2	0.82	TRUE
JBLAB-4986	325	0.159772464731212	6.227	0.0119892909187919	0.604051891047922	6.2	0.7	FALSE
JBLAB-4986	325	0.163587818343497	7.226	0	0.628406396159077	7.2	1	FALSE
JBLAB-4986	325	0.172014297748523	4.058	0.0119892909187919	0.19822690034592	4.1	1	FALSE
JBLAB-4987	274	0.10530881847561	3.18	0.0163202061697082	0.192574712439739	3.2	0.75	TRUE
JBLAB-4987	274	0.144985837802812	7.26	0.00544006872323608	0.754366752602339	7.3	0.85	FALSE
JBLAB-4987	274	0.145046364435863	6.26	0.0119681584445927	0.750506130726246	6.3	0.6	FALSE
JBLAB-4988	123	0.109328092043989	1.872	0.0161869209071159	0.19385393532244	1.9	0.43	FALSE
JBLAB-4989	273	0.135483949786925	3.378	0	0.148720964902125	3.4	0.77	TRUE
JBLAB-4989	273	0.173896268479087	4.574	0	0.216426708200328	4.6	0.9	FALSE
JBLAB-4990	175	0.0537929011608741	1.803	0.107273981807819	0.0591972778903649	1.8	0.8	TRUE
JBLAB-4990	175	0.0950347982153033	3.706	0.107273981807819	0.255353938355479	3.7	0.65	FALSE
JBLAB-4990	175	0.118663372434089	6.509	0	0.56913782937889	6.5	0.76	FALSE
JBLAB-4990	175	0.118713615823216	5.509	0.107273981807819	0.569901772688061	5.5	0.55	FALSE
JBLAB-4993	29	0.0483430495332519	3.18	0	0.230717083063409	3.2	0.94	FALSE
JBLAB-4993	29	0.062033500994867	2.184	0.00544148914880148	0.159187982404044	2.2	0.78	TRUE
JBLAB-4994	217	0.140559295768786	2.18	0.0577737127283777	0.303781922615398	2.2	0.48	FALSE
JBLAB-4996	160	0.105895941478988	2.985	0.00866731722165791	0.236374737070293	3	0.76	TRUE
JBLAB-4996	160	0.172182028540454	6.97	0	0.954814541510854	7	0.87	FALSE
JBLAB-4997	203	0.103604829768824	2.671	0.0141846713801677	0.289013808988096	2.7	0.64	TRUE
JBLAB-4998	420	0.13093303109071	3.08	0.00869949421437364	0.182040863029048	3.1	0.87	TRUE
JBLAB-4998	420	0.171036824072551	6.061	0.00869949421437364	0.693022534169057	6.1	0.79	FALSE
JBLAB-4999	279	0.138094854246061	3.071	0.0687352391426302	0.331240334881959	3.1	0.68	TRUE
